$
$ANSA_VERSION;13.1.2;
$
$
$ file created by  A N S A  Thu Jul 28 17:52:48 2011
$
$ output from :
$
$ E:/WORKSHOPS_V12/TM/WS1_NoFlow_Analysis/input/Acoustic_mesh.bdf.ansa
$
$ANSA_GENERAL_COMMENT_PRE_FORMAT;
$END_ANSA_GENERAL_COMMENT_PRE_FORMAT;
$
$
$
BEGIN BULK                                                                      
GRID           1         0.20035    -0.6      0.
GRID           2        .2003501-.550085      0.
GRID           3        .2003502-.500169      0.
GRID           4        .2003502-.450253      0.
GRID           5        .2003502-.400338      0.
GRID           6        .2003502-.350422      0.
GRID           7        .2003501-.300507      0.
GRID           8         0.20035-.250591      0.
GRID           9        .2003499-.200676      0.
GRID          10        .2003499-0.15076      0.
GRID          11         0.20035-.100845      0.
GRID          12         0.20035-.050929      0.
GRID          13        .2005465-1.015-3      0.
GRID          14        .1784745.0437511      0.
GRID          15        .1561517.0883969      0.
GRID          16        .1338286.1330425      0.
GRID          17        .1115056.1776883      0.
GRID          18        .08918270.222334      0.
GRID          19        .0668598.2669799      0.
GRID          20        0.044537.3116257      0.
GRID          21        .0222141.3562716      0.
GRID          22        2.1062-5.4009763      0.
GRID          23        3.4996-4.4508992      0.
GRID          24        3.5001-4.5008148      0.
GRID          25        3.5004-4.5507303      0.
GRID          26           3.5-40.600646      0.
GRID          27        3.4995-4.6505613      0.
GRID          28           3.5-4.7004769      0.
GRID          29        3.5003-4.7503924      0.
GRID          30        3.5001-40.800308      0.
GRID          31        3.5004-4.8502233      0.
GRID          32        3.5008-40.900139      0.
GRID          33        3.5009-4.9500544      0.
GRID          34        3.5009-4.9999698      0.
GRID          35        3.5007-41.049886      0.
GRID          36        3.5005-41.099801      0.
GRID          37        3.5002-41.149716      0.
GRID          38           3.5-41.199632      0.
GRID          39        3.4998-41.249548      0.
GRID          40        3.4997-41.299463      0.
GRID          41        3.4997-41.349379      0.
GRID          42           3.5-41.399294      0.
GRID          43        3.5003-4 1.44921      0.
GRID          44        3.5005-41.499125      0.
GRID          45        3.5007-41.549041      0.
GRID          46        3.5009-41.598956      0.
GRID          47         3.501-41.648871      0.
GRID          48         3.501-41.698791      0.
GRID          49        3.5008-41.825539      0.
GRID          50        3.5001-41.952286      0.
GRID          51        3.4994-42.079033      0.
GRID          52        3.4991-4 2.20578      0.
GRID          53        3.4992-42.332527      0.
GRID          54        3.4999-42.459275      0.
GRID          55        3.5006-42.586022      0.
GRID          56        3.5004-42.712769      0.
GRID          57        3.4998-42.839517      0.
GRID          58        3.4995-42.966264      0.
GRID          59        3.4999-43.093011      0.
GRID          60        3.4991-43.219758      0.
GRID          61        3.4978-43.346506      0.
GRID          62        3.4976-43.473253      0.
GRID          63         1.40035-3.17795      0.
GRID          64         1.40035 -3.0568      0.
GRID          65         1.40035-2.94158      0.
GRID          66         1.40035-2.81658      0.
GRID          67         1.40035-2.69159      0.
GRID          68         1.40035 -2.5666      0.
GRID          69         1.40035 -2.4416      0.
GRID          70         1.40035-2.31661      0.
GRID          71         1.40035-2.19162      0.
GRID          72         1.40035-2.06663      0.
GRID          73         1.40035-1.94163      0.
GRID          74         1.40035-1.81664      0.
GRID          75         1.40035-1.69165      0.
GRID          76         1.40035-1.56666      0.
GRID          77         1.40035-1.44166      0.
GRID          78         1.40035-1.31667      0.
GRID          79         1.40035-1.19168      0.
GRID          80         1.40035-1.06668      0.
GRID          81         1.40035-.941692      0.
GRID          82         1.40035-.891471      0.
GRID          83         1.40035-.841251      0.
GRID          84         1.40035-0.79103      0.
GRID          85         1.40035-0.74081      0.
GRID          86        3.5001-4     3.6      0.
GRID          87        .12528273.597784      0.
GRID          88        .2500604 3.59122      0.
GRID          89        .37453873.580389      0.
GRID          90        .4985716 3.56528      0.
GRID          91        .6220128 3.54591      0.
GRID          92        .74469143.522178      0.
GRID          93        .86646123.494163      0.
GRID          94        0.9871953.461982      0.
GRID          95         1.106753.425665      0.
GRID          96        1.2249923.385271      0.
GRID          97        1.3417463.340755      0.
GRID          98        1.456848 3.29213      0.
GRID          99        1.5702013.239561      0.
GRID         100        1.6816843.183137      0.
GRID         101        1.7911653.122917      0.
GRID         102        1.8984943.058934      0.
GRID         103        2.0034752.991171      0.
GRID         104        2.1060412.919808      0.
GRID         105        2.2060972.844969      0.
GRID         106        2.3035292.766743      0.
GRID         107          2.39822.685193      0.
GRID         108        2.4899322.600351      0.
GRID         109        2.5786222.512335      0.
GRID         110        2.6642372.421328      0.
GRID         111        2.7466842.327441      0.
GRID         112        2.8258572.230776      0.
GRID         113        2.9015862.131386      0.
GRID         114        2.9737442.029376      0.
GRID         115        3.0423461.924944      0.
GRID         116        3.1073241.818219      0.
GRID         117        3.1686071.709331      0.
GRID         118        3.2260591.598369      0.
GRID         119        3.2795451.485444      0.
GRID         120        3.3290631.370725      0.
GRID         121        3.3746141.254376      0.
GRID         122        3.4161591.136536      0.
GRID         123        3.453614 1.01733      0.
GRID         124        3.486814.8968694      0.
GRID         125        3.515769.7753196      0.
GRID         126        3.540535.6528504      0.
GRID         127         3.56109.5296037      0.
GRID         128        3.577393.4057209      0.
GRID         129        3.589329.2813404      0.
GRID         130        3.596868.1566177      0.
GRID         131        3.600101.0317102      0.
GRID         132        3.599038-.093234      0.
GRID         133        3.593692-0.21807      0.
GRID         134        3.584006-.342645      0.
GRID         135        3.569901-.466799      0.
GRID         136        3.551499-.590386      0.
GRID         137        3.528869-.713268      0.
GRID         138        3.502032-.835301      0.
GRID         139        3.470994-.956337      0.
GRID         140        3.435699 -1.0762      0.
GRID         141        3.396209-1.19475      0.
GRID         142        3.352675-1.31186      0.
GRID         143        3.305162-1.42743      0.
GRID         144          3.2537-1.54129      0.
GRID         145        3.198265-1.65327      0.
GRID         146          3.1389-1.76322      0.
GRID         147        3.075783-1.87106      0.
GRID         148        3.009009-1.97667      0.
GRID         149        2.938652-2.07992      0.
GRID         150        2.864728-2.18066      0.
GRID         151        2.787288-2.27873      0.
GRID         152        2.706491-2.37404      0.
GRID         153        2.622469-2.46652      0.
GRID         154        2.535322-2.55606      0.
GRID         155        2.445132-2.64254      0.
GRID         156        2.351934-2.72577      0.
GRID         157        2.255881-2.80568      0.
GRID         158         2.15715-2.88226      0.
GRID         159        2.055837-2.95539      0.
GRID         160        1.952073  -3.025      0.
GRID         161        1.845924-3.09093      0.
GRID         162        1.737514-3.15305      0.
GRID         163        1.627025 -3.2114      0.
GRID         164        1.514599-3.26592      0.
GRID         165         1.40035-3.31655      0.
GRID         166         1.40035-.690589      0.
GRID         167         1.40035-.640369      0.
GRID         168         1.40035-.590149      0.
GRID         169         1.40035-.539928      0.
GRID         170         1.40035-.489708      0.
GRID         171         1.40035-.439488      0.
GRID         172         1.40035-.389267      0.
GRID         173         1.40035-.339047      0.
GRID         174         1.40035-.288826      0.
GRID         175         1.40035-.238606      0.
GRID         176         1.40035-.188385      0.
GRID         177         1.40035-.138165      0.
GRID         178         1.40035-.087945      0.
GRID         179         1.40035-.037724      0.
GRID         180         1.40035.0124958      0.
GRID         181         1.40035.0627162      0.
GRID         182         1.40035.1129367      0.
GRID         183         1.40035.1631572      0.
GRID         184         1.40035.2133777      0.
GRID         185         1.40035.2635977      0.
GRID         186         1.40035.3138182      0.
GRID         187         1.40035.3640387      0.
GRID         188         1.40035.4142592      0.
GRID         189         1.40035.4644001      0.
GRID         190         1.40035.5144012      0.
GRID         191         1.40035.5644021      0.
GRID         192         1.40035.6144032      0.
GRID         193         1.40035.6644042      0.
GRID         194         1.40035.7144053      0.
GRID         195         1.400350.764406      0.
GRID         196         1.40035.8144071      0.
GRID         197         1.40035.8644083      0.
GRID         198         1.40035.9144094      0.
GRID         199         1.40034.9644103      0.
GRID         200        1.400536.9896107      0.
GRID         201        1.3982181.014653      0.
GRID         202        1.3944121.039565      0.
GRID         203        1.3894291.064145      0.
GRID         204        1.377905 1.08656      0.
GRID         205        1.3675541.109531      0.
GRID         206        1.3509831.128414      0.
GRID         207        1.3341121.147132      0.
GRID         208        1.3136761.160835-2.468-4
GRID         209        1.2926171.175049      0.
GRID         210        1.2705081.184279-6.042-4
GRID         211        1.2458961.192184      0.
GRID         212        1.2214311.195815-5.631-4
GRID         213         1.00035.9568304      0.
GRID         214         1.00035.9066104      0.
GRID         215         1.00035.8563899      0.
GRID         216         1.00035.8061694      0.
GRID         217         1.00035.7559489      0.
GRID         218         1.00035.7057284      0.
GRID         219         1.00035.6555089      0.
GRID         220         1.00035.6052874      0.
GRID         221         1.00035.5550674      0.
GRID         222         1.00035.5048469      0.
GRID         223         1.00035.4546269      0.
GRID         224         1.00035.4044064      0.
GRID         225         1.00035.3541859      0.
GRID         226         1.00035.3039654      0.
GRID         227         1.000350.253745      0.
GRID         228         1.00035.2035254      0.
GRID         229         1.00035.1533044      0.
GRID         230         1.00035.1030835      0.
GRID         231         1.00035.0528639      0.
GRID         232         1.000352.6435-3      0.
GRID         233         1.00035-.047577      0.
GRID         234         1.00035-.097798      0.
GRID         235         1.00035-.148018      0.
GRID         236         1.00035-.198239      0.
GRID         237         1.00035-.248459      0.
GRID         238         1.00035-.298679      0.
GRID         239         1.00035 -0.3489      0.
GRID         240         1.00035-0.39912      0.
GRID         241         1.00035-0.44934      0.
GRID         242         1.00035-.499561      0.
GRID         243         1.00035-0.54978      0.
GRID         244        1.1964421.198023      0.
GRID         245          1.17131.196418      0.
GRID         246        1.1465751.192238      0.
GRID         247        1.1228221.183954      0.
GRID         248          1.10031.172739      0.
GRID         249        1.0793731.158773      0.
GRID         250        1.0603611.142294      0.
GRID         251        1.0435781.123552      0.
GRID         252        1.0292531.102868      0.
GRID         253        1.0176591.080539      0.
GRID         254        1.0089671.056929      0.
GRID         255        1.0032821.032418      0.
GRID         256        1.0007821.007384      0.
GRID         257         1.00035.9821929      0.
GRID         258         1.00035.2789453      0.
GRID         259         1.00035.2287205      0.
GRID         260        1.494902-3.14895      0.
GRID         261        1.478486-3.04036      0.
GRID         296         1.00035    -0.6      0.
GRID         297         0.95035    -0.6      0.
GRID         298         0.90035    -0.6      0.
GRID         299        .8503501    -0.6      0.
GRID         300        .8003501    -0.6      0.
GRID         301        .7503501    -0.6      0.
GRID         302        .7003501    -0.6      0.
GRID         303        .6503501    -0.6      0.
GRID         304        .6003501    -0.6      0.
GRID         305        .5503502    -0.6      0.
GRID         306        .5003504    -0.6      0.
GRID         307        .4503503    -0.6      0.
GRID         308        .4003505    -0.6      0.
GRID         309        .3503504    -0.6      0.
GRID         310        .3003504    -0.6      0.
GRID         311        .2503505    -0.6      0.
GRID        2260        1.587006-3.11369      0.
GRID        2261        1.558126-3.01955      0.
GRID        2262        1.522074 -2.9189      0.
GRID        2263        1.671086-3.03251      0.
GRID        2264        1.522588-2.79857      0.
GRID        2265        1.633133-2.90896      0.
GRID        2266        1.783363-2.97998      0.
GRID        2267        1.515795 -2.6758      0.
GRID        2268        1.735651-2.87291      0.
GRID        2269         1.65265-2.78304      0.
GRID        2270        1.623476-2.66082      0.
GRID        2271        1.518205-2.55185      0.
GRID        2272        1.889121-2.91852      0.
GRID        2273        1.830408-2.81621      0.
GRID        2274        1.768881-2.72007      0.
GRID        2275        1.513285-2.42783      0.
GRID        2276        1.721442-2.62207      0.
GRID        2277        1.643148-2.53713      0.
GRID        2278         1.99033-2.85253      0.
GRID        2279        1.927665-2.75346      0.
GRID        2280        1.509864-2.30591      0.
GRID        2281        1.866811 -2.6583      0.
GRID        2282        1.624826-2.41199      0.
GRID        2283        1.810662-2.56614      0.
GRID        2284        1.755792-2.48335      0.
GRID        2285        2.088612-2.78266      0.
GRID        2286         1.61743-2.29521      0.
GRID        2287        1.508867-2.18383      0.
GRID        2288        2.022708-2.68631      0.
GRID        2289        1.727479-2.38902      0.
GRID        2290        1.959176-2.59256      0.
GRID        2291        1.897891-2.49935      0.
GRID        2292         1.71946-2.28546      0.
GRID        2293        1.834028-2.39995      0.
GRID        2294        1.616901-2.17678      0.
GRID        2295        1.508487-2.06075      0.
GRID        2296        2.184048-2.70927      0.
GRID        2297        2.114975-2.61602      0.
GRID        2298        2.048877-2.52551      0.
GRID        2299        1.810969-2.28303      0.
GRID        2300        1.986936-2.43731      0.
GRID        2301        1.724583-2.17196      0.
GRID        2302        1.616799-2.05543      0.
GRID        2303        1.507885-1.93675      0.
GRID        2304        1.932056-2.34964      0.
GRID        2305        1.896352-2.25949      0.
GRID        2306        2.276497-2.63239      0.
GRID        2307        2.203769-2.54214      0.
GRID        2308        1.835702-2.17308      0.
GRID        2309        1.725775-2.05131      0.
GRID        2310         2.13403-2.45538      0.
GRID        2311        1.615875-1.93216      0.
GRID        2312        1.506681 -1.8123      0.
GRID        2313        2.068385-2.37336      0.
GRID        2314        .2500448-.549733      0.
GRID        2315        2.010459-2.30086      0.
GRID        2316        1.969946-2.22661      0.
GRID        2317        .2497206-0.49962      0.
GRID        2318        .2997574-.549232      0.
GRID        2319        1.836553-2.04859      0.
GRID        2320         1.93677-2.14648      0.
GRID        2321        1.724796-1.92831      0.
GRID        2322        .2494113-.449853      0.
GRID        2323        .2990716-.498743      0.
GRID        2324        .3495581-.548465      0.
GRID        2325        1.613768-1.80749      0.
GRID        2326        2.365986-2.55195      0.
GRID        2327        1.504455-1.68846      0.
GRID        2328         2.28938-2.46444      0.
GRID        2329        2.214789-2.37992      0.
GRID        2330        2.141141-2.29835      0.
GRID        2331        2.064076 -2.2173      0.
GRID        2332        .2493124-.400562      0.
GRID        2333        .2982629-.449002      0.
GRID        2334        .3485377-.497156      0.
GRID        2335        .3995748-.547506      0.
GRID        2336        .2976173-.400681      0.
GRID        2337        2.017778-2.12076      0.
GRID        2338        0.249886-.351384      0.
GRID        2339        .3469394-.446795      0.
GRID        2340        .4498146-.546847      0.
GRID        2341        .3985538-.494684      0.
GRID        2342        1.950021-2.04316      0.
GRID        2343        1.834288-1.92677      0.
GRID        2344         1.72314-1.80166      0.
GRID        2345        1.608623-1.68399      0.
GRID        2346        1.502134-1.56636      0.
GRID        2347        .3440888-0.40032      0.
GRID        2348        .2988489-.352897      0.
GRID        2349        0.251029-.301684      0.
GRID        2350        .5002035-.546469      0.
GRID        2351        .4491161-.493396      0.
GRID        2352        0.396918-.440566      0.
GRID        2353         2.45283-2.46826      0.
GRID        2354        2.140448 -2.1536      0.
GRID        2355        2.372761-2.38319      0.
GRID        2356        .3460256-.355783      0.
GRID        2357        2.294412-2.30079      0.
GRID        2358        2.216866-2.22201      0.
GRID        2359        .3018914-.303743      0.
GRID        2360        .2519905-.251158      0.
GRID        2361        .5507591-.546331      0.
GRID        2362        1.938513-1.93251      0.
GRID        2363        2.085566-2.07938      0.
GRID        2364        .4998789-.492687      0.
GRID        2365        .4482325-.439386      0.
GRID        2366        .3936193-.380179      0.
GRID        2367        2.043212-2.00849      0.
GRID        2368        1.712733-1.67686      0.
GRID        2369        1.603523-1.56407      0.
GRID        2370        .3535086-.308156      0.
GRID        2371        1.839509-1.79414      0.
GRID        2372        .3041996-.252387      0.
GRID        2373        .2524064-.200003      0.
GRID        2374        1.500313-1.44709      0.
GRID        2375        .6014675-.546579      0.
GRID        2376        .5510122-.492254      0.
GRID        2377        .4991566-.438623      0.
GRID        2378        .4478411-.385013      0.
GRID        2379        .4088087-.318881      0.
GRID        2380        2.029038-1.92711      0.
GRID        2381        .3577417-.255016      0.
GRID        2382        .2521049-.148449      0.
GRID        2383        2.198189-2.09427      0.
GRID        2384        0.652127-.547323      0.
GRID        2385        .3052135-.199818      0.
GRID        2386        2.143843 -2.0354      0.
GRID        2387        1.942888-1.83418      0.
GRID        2388        .6026638-.492628      0.
GRID        2389        .4977479-.385178      0.
GRID        2390        .5507333-.437342      0.
GRID        2391        1.704028-1.55883      0.
GRID        2392        .4739034-.328179      0.
GRID        2393        1.815554-1.66472      0.
GRID        2394        1.599473-1.44819      0.
GRID        2395        .7023932-.548525      0.
GRID        2396        .2507804-.096566      0.
GRID        2397        .4139911-.259215      0.
GRID        2398        2.454277-2.29869      0.
GRID        2399        2.537112-2.38146      0.
GRID        2400        2.112043-1.95594      0.
GRID        2401        2.373123-2.21693      0.
GRID        2402        2.291295-2.13342      0.
GRID        2403        .3049164-.146525      0.
GRID        2404        .3593669-.200489      0.
GRID        2405        0.654387-.494197      0.
GRID        2406        1.499574-1.33374      0.
GRID        2407        .6038935-.437474      0.
GRID        2408        .5487474-.380951      0.
GRID        2409        1.935836-1.73888      0.
GRID        2410        .7519501-.549828      0.
GRID        2411        .2477101-.044513      0.
GRID        2412        2.039286-1.83502      0.
GRID        2413        .7051989-.496947      0.
GRID        2414        2.193081-1.98285      0.
GRID        2415        0.302921-.092465      0.
GRID        2416        .4151053-.201968      0.
GRID        2417        .4742796-.261113      0.
GRID        2418        2.252204-2.03832      0.
GRID        2419        .3594325-.145422      0.
GRID        2420        .6576826-.439808      0.
GRID        2421        .5410033-.320619      0.
GRID        2422        .6045967-.380074      0.
GRID        2423        0.2411537.1478-3      0.
GRID        2424         0.80107-.550544      0.
GRID        2425         1.69778-1.44542      0.
GRID        2426        1.802597-1.55012      0.
GRID        2427        .7540327-.500304      0.
GRID        2428        1.596426-1.33767      0.
GRID        2429        .2982099-.037788      0.
GRID        2430        .7102255-.444788      0.
GRID        2431        1.501475-1.23561      0.
GRID        2432        1.910879-1.64251      0.
GRID        2433        .4713652-.202868      0.
GRID        2434        .3577138-.089088      0.
GRID        2435        .4157267-.145669      0.
GRID        2436        .6624066-.382564      0.
GRID        2437        .2246209.0566546      0.
GRID        2438        .5378281-.254445      0.
GRID        2439        .6033887-.319277      0.
GRID        2440        2.145531-1.85516      0.
GRID        2441        .8503273-.550563      0.
GRID        2442        .8016635-.501801      0.
GRID        2443        .7573971-.452737      0.
GRID        2444        .2892581.0168551      0.
GRID        2445        .2045907.1051671      0.
GRID        2446        2.039707-1.72295      0.
GRID        2447        2.452529-2.13416      0.
GRID        2448        2.375626-2.05632      0.
GRID        2449        0.352688-.031228      0.
GRID        2450         2.53406 -2.2125      0.
GRID        2451        2.238104-1.91551      0.
GRID        2452        .4726333 -0.1481      0.
GRID        2453        2.618778-2.29223      0.
GRID        2454        .4157735-.087407      0.
GRID        2455        2.309955-1.97912      0.
GRID        2456        .7216799-.389272      0.
GRID        2457        .1829287.1530074      0.
GRID        2458        .2739399.0704168      0.
GRID        2459        .6657072-.321081      0.
GRID        2460        .8017713-.455045      0.
GRID        2461        .6024643-.255619      0.
GRID        2462        .8498454-.501386      0.
GRID        2463        0.900052-.550334      0.
GRID        2464        1.496838-1.14539      0.
GRID        2465        .5334436-.179045      0.
GRID        2466        1.794565-1.43986      0.
GRID        2467        1.693245-1.33594      0.
GRID        2468         1.59331-1.23447      0.
GRID        2469        1.897404-1.53813      0.
GRID        2470        0.160419.2003082      0.
GRID        2471          1.9967-1.62647      0.
GRID        2472        .3429385.0274471      0.
GRID        2473        .7821824-.405298      0.
GRID        2474        .2546491.1225926      0.
GRID        2475        .1372631.2471532      0.
GRID        2476        0.411737-.025744      0.
GRID        2477        .4780066-.089413      0.
GRID        2478        2.139641 -1.7449      0.
GRID        2479        .8479841-.452498      0.
GRID        2480        .8994148-.500722      0.
GRID        2481        .9501221-.550057      0.
GRID        2482        .1134254.2930166      0.
GRID        2483        .2330293.1734854      0.
GRID        2484        .6653263-0.25803      0.
GRID        2485        .7320515-.324656      0.
GRID        2486        .32703720.085283      0.
GRID        2487        .6035513-.191038      0.
GRID        2488        .0892919.3350886      0.
GRID        2489        1.485574-1.05491      0.
GRID        2490        .2101137.2233981      0.
GRID        2491        2.223791-1.78782      0.
GRID        2492        .7875246-.351358      0.
GRID        2493        .8420646-.402469      0.
GRID        2494        .4024624.0386398      0.
GRID        2495        0.898042-.451077      0.
GRID        2496        .3070944.1411718      0.
GRID        2497        0.548978-.100587      0.
GRID        2498        .0695376.3791386      0.
GRID        2499        1.585399-1.13619      0.
GRID        2500        .9497383-.500114      0.
GRID        2501        .4757955-.022981      0.
GRID        2502        2.297886-1.84494      0.
GRID        2503         1.88878-1.43232      0.
GRID        2504        1.789518-1.33238      0.
GRID        2505        .1861906.2730376      0.
GRID        2506        1.689248-1.22928      0.
GRID        2507        2.084148-1.62393      0.
GRID        2508        1.988082-1.52698      0.
GRID        2509        2.372787-1.90831      0.
GRID        2510        .7268692-.258875      0.
GRID        2511        2.447721-1.97811      0.
GRID        2512        .6664191-.196719      0.
GRID        2513         2.52716-2.05054      0.
GRID        2514        .6109595-.132086      0.
GRID        2515        .2846107.1948751      0.
GRID        2516        .0523346.4314344      0.
GRID        2517        .1603634.3235665      0.
GRID        2518        .3840324.1017868      0.
GRID        2519        .7881727-.302303      0.
GRID        2520        2.610544-2.12466      0.
GRID        2521        0.841143-.351407      0.
GRID        2522        .8957343-.401008      0.
GRID        2523        2.697322-2.20057      0.
GRID        2524        .9490743-.450126      0.
GRID        2525        .1288786.3781859      0.
GRID        2526        .2610481.2467064      0.
GRID        2527        .5419164-.026654      0.
GRID        2528        1.478696-.960524      0.
GRID        2529        1.567063-1.04701      0.
GRID        2530        .4712635.0506983      0.
GRID        2531        .3621881.1616954      0.
GRID        2532        .7261712-.200606      0.
GRID        2533        .7843856-.252934      0.
GRID        2534        .6706575-.137346      0.
GRID        2535         0.23713.2980029      0.
GRID        2536        .6127616-.075167      0.
GRID        2537        .8404858-.301202      0.
GRID        2538        .8945586 -0.3506      0.
GRID        2539        2.181902-1.63666      0.
GRID        2540        .0538926.4916716      0.
GRID        2541        .9481813-.399989      0.
GRID        2542        .1125742.4366588      0.
GRID        2543        1.979418-1.42439      0.
GRID        2544        .3375404.2179783      0.
GRID        2545        1.452781-.896654      0.
GRID        2546        1.884527-1.32714      0.
GRID        2547        1.785878-1.22755      0.
GRID        2548        2.078609-1.51815      0.
GRID        2549        .2127407.3502884      0.
GRID        2550        .44418950.121078      0.
GRID        2551         1.68429 -1.1186      0.
GRID        2552        2.276266-1.70547      0.
GRID        2553        .5377213.0335946      0.
GRID        2554        0.728186-.146191      0.
GRID        2555        .7830665-.200445      0.
GRID        2556        .3124931.2704954      0.
GRID        2557        .6054155-.017651      0.
GRID        2558        .8390041-.250908      0.
GRID        2559        1.557453-.968761      0.
GRID        2560        2.356992-1.76741      0.
GRID        2561        .1876292.4053893      0.
GRID        2562        .8937737-.300264      0.
GRID        2563        .1080225.4892816      0.
GRID        2564        .9475502-.349728      0.
GRID        2565        .0549172.5445149      0.
GRID        2566        .6773487-.074355      0.
GRID        2567        1.504624-.900296      0.
GRID        2568        2.435719-1.83067      0.
GRID        2569        .4201634.1854559      0.
GRID        2570         1.45257-.845789      0.
GRID        2571        1.640909-1.03068      0.
GRID        2572        .2888821.3218861      0.
GRID        2573        .5259233.0897037      0.
GRID        2574        2.515318-1.89644      0.
GRID        2575        2.597768-1.96452      0.
GRID        2576        .7322177-.097436      0.
GRID        2577        .1663499.4685477      0.
GRID        2578        .7833785-.148404      0.
GRID        2579        .3913805.2445043      0.
GRID        2580        .8381303-.199829      0.
GRID        2581        .2662133.3741261      0.
GRID        2582        .5990004.0423236      0.
GRID        2583        .8929836-0.24986      0.
GRID        2584        2.063331-1.41716      0.
GRID        2585        0.5021340.144838      0.
GRID        2586        .9470991-.299441      0.
GRID        2587        2.683503-2.03451      0.
GRID        2588        .1102143.5397282      0.
GRID        2589        .0553794.5960016      0.
GRID        2590        1.503821-.849493      0.
GRID        2591        1.879816-1.22408      0.
GRID        2592        .6678717-.011649      0.
GRID        2593        1.453234-.795863      0.
GRID        2594        1.561261-.903611      0.
GRID        2595        .3627701.2953022      0.
GRID        2596        1.979795 -1.3205      0.
GRID        2597        1.785351-1.12518      0.
GRID        2598        2.772498-2.10649      0.
GRID        2599        .2433582.4247388      0.
GRID        2600        2.176992-1.50482      0.
GRID        2601        .7316463-.050144      0.
GRID        2602        .3401576.3447731      0.
GRID        2603        .7843233-.098174      0.
GRID        2604        .8379254-.148751      0.
GRID        2605        1.717499-1.02606      0.
GRID        2606        1.630694-.937735      0.
GRID        2607        0.892451-.199248      0.
GRID        2608        .5904857.1059812      0.
GRID        2609        .4829671.2141503      0.
GRID        2610        .9467231-.249114      0.
GRID        2611        0.167758.5324892      0.
GRID        2612        2.266301-1.56564      0.
GRID        2613        .0555834.6468769      0.
GRID        2614        .1108029.5919851      0.
GRID        2615        1.505477-.800848      0.
GRID        2616        .2295564.4778286      0.
GRID        2617        1.454447-0.74595      0.
GRID        2618        .6624737.0469103      0.
GRID        2619        2.340035-1.62757      0.
GRID        2620        .5565445.1569929      0.
GRID        2621        .3204452.3996119      0.
GRID        2622        .7262245-1.831-3      0.
GRID        2623        .4455888.2791137      0.
GRID        2624        2.418046-1.68804      0.
GRID        2625        1.562248-.831501      0.
GRID        2626        .7838707-.048607      0.
GRID        2627        .8380066-.098232      0.
GRID        2628        .8921977-.148597      0.
GRID        2629        0.946463-.198728      0.
GRID        2630        2.497986-1.74929      0.
GRID        2631        .40663240.345172      0.
GRID        2632        1.877007-1.12491      0.
GRID        2633        .0558172.6973847      0.
GRID        2634        2.146804-1.39344      0.
GRID        2635        .1108597.6435508      0.
GRID        2636          1.9721-1.21764      0.
GRID        2637        .5471149.2079443      0.
GRID        2638        .1670944.5885384      0.
GRID        2639        1.509279-.752086      0.
GRID        2640        .2934259.4638162      0.
GRID        2641        1.455034-.695228      0.
GRID        2642        .2275217.5327488      0.
GRID        2643        1.794572-1.03076      0.
GRID        2644        .6598632.1054504      0.
GRID        2645        2.580139-1.81161      0.
GRID        2646        2.082208-1.31301      0.
GRID        2647        .6079323.1635648      0.
GRID        2648        .7227842.0514074      0.
GRID        2649        1.715412-.938684      0.
GRID        2650        .7819747  1.58-3      0.
GRID        2651         2.66505-1.87584      0.
GRID        2652        .8377298-.047915      0.
GRID        2653        .5306456.2602521      0.
GRID        2654        1.637363-.844501      0.
GRID        2655        .8921027-.098095      0.
GRID        2656        .9463139-0.14832      0.
GRID        2657        .38189290.416149      0.
GRID        2658        .05611340.747798      0.
GRID        2659        .1112236.6943923      0.
GRID        2660        1.568296-.762637      0.
GRID        2661        .1659895.6408619      0.
GRID        2662        1.509844-.700079      0.
GRID        2663        1.455486-.644588      0.
GRID        2664        2.753068-1.94181      0.
GRID        2665        .2247224.5885203      0.
GRID        2666        .5012375.3128187      0.
GRID        2667        .2887591.5315776      0.
GRID        2668        .6030486.2181325      0.
GRID        2669        2.258493-1.43668      0.
GRID        2670        .6633583.1626791      0.
GRID        2671        .7214408.1065622      0.
GRID        2672        2.326153-1.49398      0.
GRID        2673        .7805245.0535727      0.
GRID        2674        2.844254-2.00977      0.
GRID        2675        0.359165.4765245      0.
GRID        2676        .83711482.7122-3      0.
GRID        2677        .8919753-.047665      0.
GRID        2678        1.965887 -1.1203      0.
GRID        2679         1.87735-1.03145      0.
GRID        2680        .9462423-.097948      0.
GRID        2681        0.472566.3762684      0.
GRID        2682        2.399459-1.55058      0.
GRID        2683        1.796338-.942155      0.
GRID        2684        0.056434.7982256      0.
GRID        2685        2.063121-1.20682      0.
GRID        2686        .1119216.7451097      0.
GRID        2687        .1663127.6914666      0.
GRID        2688        0.219843.6397947      0.
GRID        2689         1.56443-.704609      0.
GRID        2690        1.510549-.648985      0.
GRID        2691           1.456-.593825      0.
GRID        2692        1.717689-.849717      0.
GRID        2693        2.477228-1.60728      0.
GRID        2694        1.637516-.762327      0.
GRID        2695        .5938277.2819622      0.
GRID        2696        .2849371.5938987      0.
GRID        2697        .6632241.2193587      0.
GRID        2698        .4419523.4416438      0.
GRID        2699        .3497891.5348333      0.
GRID        2700        .7224184.1623186      0.
GRID        2701        2.229776-1.34265      0.
GRID        2702        .7802415.1069653      0.
GRID        2703        .8368142.0540913      0.
GRID        2704        .5565351.3362517      0.
GRID        2705        2.558274-1.66493      0.
GRID        2706        .89185882.9071-3      0.
GRID        2707        .9462025-.047592      0.
GRID        2708        .0566975.8486964      0.
GRID        2709        2.173577-1.26784      0.
GRID        2710        0.2200530.688539      0.
GRID        2711        .1126828.7959909      0.
GRID        2712        .1679149.7419574      0.
GRID        2713        1.564822-.653736      0.
GRID        2714        1.456272-0.54293      0.
GRID        2715        1.511938-0.59793      0.
GRID        2716        2.642245-1.72391      0.
GRID        2717        .4159779  0.5143      0.
GRID        2718        1.961002-1.02827      0.
GRID        2719        1.876768-.943665      0.
GRID        2720        2.313494-1.37454      0.
GRID        2721        .2772539.6617029      0.
GRID        2722        1.623196-0.68358      0.
GRID        2723        .6630719.2778545      0.
GRID        2724        2.053672-1.11164      0.
GRID        2725        .7234355.2186193      0.
GRID        2726        1.798735-.856473      0.
GRID        2727        .7813666.1613689      0.
GRID        2728        .3489577.5940555      0.
GRID        2729        .8373678.1062167      0.
GRID        2730        2.729231-1.78433      0.
GRID        2731        0.892052.0537175      0.
GRID        2732        .5406398.4052655      0.
GRID        2733        0.9462242.7961-3      0.
GRID        2734        .0568657.8992129      0.
GRID        2735        .6137141.3430162      0.
GRID        2736        2.380325-1.42185      0.
GRID        2737        2.146828-1.18776      0.
GRID        2738        1.719132-.759543      0.
GRID        2739        .1132008.8470797      0.
GRID        2740        .4991526.4616845      0.
GRID        2741        .2245198.7372681      0.
GRID        2742        .1693423.7933884      0.
GRID        2743        1.456219-.492091      0.
GRID        2744        1.568762-.603386      0.
GRID        2745        1.512595-.545888      0.
GRID        2746        2.819304-1.84654      0.
GRID        2747        2.454299-1.47237      0.
GRID        2748        .8929113.1046467      0.
GRID        2749        .8392328.1590715      0.
GRID        2750        .9464498.0532205      0.
GRID        2751        .7833767.2170126      0.
GRID        2752        .7246566.2757476      0.
GRID        2753         2.91256-1.91054      0.
GRID        2754        .4144951.5885171      0.
GRID        2755        .6690648.3347802      0.
GRID        2756        1.689603-.684995      0.
GRID        2757        .34702830.658188      0.
GRID        2758        .0569375.9497789      0.
GRID        2759        2.533143-1.52444      0.
GRID        2760        .4857018.5244677      0.
GRID        2761        .2842592.7267604      0.
GRID        2762        .1135093.8982192      0.
GRID        2763        1.456041-.441683      0.
GRID        2764        1.628857-.614495      0.
GRID        2765        1.956384-.942017      0.
GRID        2766        .1700573.8453143      0.
GRID        2767        1.877292-.860717      0.
GRID        2768        .2269647.7900908      0.
GRID        2769        1.512263-.494137      0.
GRID        2770        1.570147-.549023      0.
GRID        2771        2.044585-1.02084      0.
GRID        2772        0.615986.4098142      0.
GRID        2773        .5548931.4723599      0.
GRID        2774        2.290243 -1.2611      0.
GRID        2775        1.803976-.774822      0.
GRID        2776        2.231965 -1.1946      0.
GRID        2777        2.615646 -1.5782      0.
GRID        2778        2.141302-1.09944      0.
GRID        2779        2.355732-1.30657      0.
GRID        2780        .8949155.1552108      0.
GRID        2781        .9470954.1035215      0.
GRID        2782        .8429726.2133742      0.
GRID        2783        .05689211.000389      0.
GRID        2784        .7264196.3321853      0.
GRID        2785        0.673353.3864051      0.
GRID        2786        .7856594.2745133      0.
GRID        2787        1.752236-.690262      0.
GRID        2788        .1137082.9494183      0.
GRID        2789        1.456198-.391519      0.
GRID        2790        .1703802.8970839      0.
GRID        2791        1.511341-0.44365      0.
GRID        2792        .4131579.6547312      0.
GRID        2793        2.701366-1.63347      0.
GRID        2794        .4801729.5898069      0.
GRID        2795        0.348719.7219363      0.
GRID        2796        .2276497.8435093      0.
GRID        2797        1.692475-.619966      0.
GRID        2798        .2868717.7859498      0.
GRID        2799        1.569063-.494876      0.
GRID        2800        1.630677-.552352      0.
GRID        2801        .5475322.5315328      0.
GRID        2802        2.426721-1.34549      0.
GRID        2803        .6114758.4767776      0.
GRID        2804        1.953502-.861515      0.
GRID        2805        1.880555-.782822      0.
GRID        2806        2.034673-.936266      0.
GRID        2807         2.79021-1.69026      0.
GRID        2808        .94853130.153233      0.
GRID        2809        .8986047.2042362      0.
GRID        2810        .05668041.050995      0.
GRID        2811        .6729081.4362232      0.
GRID        2812        2.504038-1.39083      0.
GRID        2813        .7274107.3862017      0.
GRID        2814        .11371441.000776      0.
GRID        2815        1.456704-.341306      0.
GRID        2816        1.816995-.701137      0.
GRID        2817        .7847011.3322002      0.
GRID        2818        1.511634-.393882      0.
GRID        2819        .17075290.948837      0.
GRID        2820        1.565218-.444848      0.
GRID        2821        2.129183-1.00833      0.
GRID        2822        .2273356.8958648      0.
GRID        2823        .8505138.2731292      0.
GRID        2824        .2866896.8428076      0.
GRID        2825        .4779063.6533565      0.
GRID        2826          1.7571-.625333      0.
GRID        2827        .4136832.7184284      0.
GRID        2828        2.882194-1.74871      0.
GRID        2829        .3500758.7843253      0.
GRID        2830        .5429371.5924492      0.
GRID        2831        1.694412-0.55583      0.
GRID        2832        1.629382-.490591      0.
GRID        2833        .6067873.5363899      0.
GRID        2834        2.236076 -1.0902      0.
GRID        2835        2.585217-1.43922      0.
GRID        2836        .9514721.2012261      0.
GRID        2837        .9042738.2488199      0.
GRID        2838        .6683855.4868137      0.
GRID        2839        .0562366 1.10147      0.
GRID        2840        2.375246-1.21459      0.
GRID        2841        2.309124-1.14612      0.
GRID        2842        .7265718.4388111      0.
GRID        2843        .1133521 1.05226      0.
GRID        2844        1.457161-.290746      0.
GRID        2845        1.953576-.787123      0.
GRID        2846        2.977366-1.80895      0.
GRID        2847        2.027285-.858414      0.
GRID        2848        1.565678-.396595      0.
GRID        2849        1.513137-.344041      0.
GRID        2850        .7834542.3874601      0.
GRID        2851        .17108681.000952      0.
GRID        2852        .2279099.9477755      0.
GRID        2853        1.887559-.709439      0.
GRID        2854        .84331290.334814      0.
GRID        2855        0.283538.8949596      0.
GRID        2856        2.669646-1.48935      0.
GRID        2857        2.110945-.925352      0.
GRID        2858        1.823818-.632141      0.
GRID        2859        .4778778.7154324      0.
GRID        2860        .5406574 0.65312      0.
GRID        2861        .41519090.781418      0.
GRID        2862        0.349738.8478403      0.
GRID        2863        0.603412.5951062      0.
GRID        2864        .9042253.2948276      0.
GRID        2865        1.622936-.423289      0.
GRID        2866        1.760015-.559854      0.
GRID        2867        .9576467.2449154      0.
GRID        2868         1.69461-.491779      0.
GRID        2869        2.465899-1.26049      0.
GRID        2870        0.664889.5417157      0.
GRID        2871        .05555961.151587      0.
GRID        2872        .72424660.491489      0.
GRID        2873        .11247281.103583      0.
GRID        2874        2.757176-1.54098      0.
GRID        2875        1.457377-.239937      0.
GRID        2876        1.514283-.292989      0.
GRID        2877        1.570074-0.34842      0.
GRID        2878        .7819263.4411885      0.
GRID        2879        0.1708561.053662      0.
GRID        2880        .22930191.000313      0.
GRID        2881        .8398054.3903327      0.
GRID        2882         0.28432.9458551      0.
GRID        2883        2.220383-0.98797      0.
GRID        2884        2.021733-.789263      0.
GRID        2885        0.898428.3432632      0.
GRID        2886        1.959007-.716412      0.
GRID        2887        2.549634-1.30534      0.
GRID        2888        .95713630.293844      0.
GRID        2889        2.099518-0.84783      0.
GRID        2890        0.540369.7127811      0.
GRID        2891        2.847816-1.59407      0.
GRID        2892        .6015443.6533844      0.
GRID        2893        1.893833-.638648      0.
GRID        2894        .0547694 1.20114      0.
GRID        2895        .4796858.7768925      0.
GRID        2896        .6623852.5978233      0.
GRID        2897        1.827474-.564379      0.
GRID        2898        .4174232.8458623      0.
GRID        2899        .3448613.9184648      0.
GRID        2900        .1109208 1.15415      0.
GRID        2901        1.693557-.426728      0.
GRID        2902          1.7612-.494302      0.
GRID        2903        .7219897.5453552      0.
GRID        2904         1.45736-.189113      0.
GRID        2905        2.181782-.910617      0.
GRID        2906        1.630062-.358759      0.
GRID        2907        1.514731-.241339      0.
GRID        2908        .7801524.4944565      0.
GRID        2909        1.572303-.296022      0.
GRID        2910        0.1697021.106628      0.
GRID        2911        2.362753-1.08496      0.
GRID        2912        .8375789.4439816      0.
GRID        2913        2.633884-1.35107      0.
GRID        2914        .2296593 1.05468      0.
GRID        2915        .2888848.9973948      0.
GRID        2916        .8948144.3951545      0.
GRID        2917        2.941604-1.64875      0.
GRID        2918        .9509877.3477465      0.
GRID        2919        2.431604-1.13194      0.
GRID        2920        2.313206-1.01338      0.
GRID        2921        2.028061-.725034      0.
GRID        2922        .05437181.250322      0.
GRID        2923        .10883961.203127      0.
GRID        2924        .6010849.7110393      0.
GRID        2925        .5418263.7711874      0.
GRID        2926        .6609148.6541162      0.
GRID        2927        1.457162-.138383      0.
GRID        2928        .7202411.5999707      0.
GRID        2929        1.967005-.645238      0.
GRID        2930        2.720397-1.39795      0.
GRID        2931        .4839315.8392012      0.
GRID        2932         2.09089-.767514      0.
GRID        2933        1.514601-.189724      0.
GRID        2934        .16701291.158716      0.
GRID        2935        .7785393.5478473      0.
GRID        2936        1.897176-.568729      0.
GRID        2937        2.169697-.840531      0.
GRID        2938        1.572886-0.24281      0.
GRID        2939        1.829034-.497227      0.
GRID        2940        1.695064-.363074      0.
GRID        2941        1.632462 -0.3002      0.
GRID        2942        1.761328-.429035      0.
GRID        2943        0.835911.4970028      0.
GRID        2944         3.03862-1.70505      0.
GRID        2945        .4209175.9148104      0.
GRID        2946         2.51168-1.17543      0.
GRID        2947        0.2290471.110699      0.
GRID        2948        .8926263.4474123      0.
GRID        2949        .3529133.9882619      0.
GRID        2950        .29021941.053554      0.
GRID        2951        .9482597.3995567      0.
GRID        2952        .05458151.299442      0.
GRID        2953         2.25528-.900263      0.
GRID        2954        .10776211.251219      0.
GRID        2955        2.809701-1.44613      0.
GRID        2956        .16198571.206255      0.
GRID        2957        1.456883-.087813      0.
GRID        2958        .6018521.7675803      0.
GRID        2959        .66042240.710175      0.
GRID        2960        .54516670.827389      0.
GRID        2961        .7191774.6549126      0.
GRID        2962        1.514105-.138423      0.
GRID        2963        2.594795-1.21791      0.
GRID        2964        .7773197.6015902      0.
GRID        2965        1.572335-.189983      0.
GRID        2966        2.401392-1.01743      0.
GRID        2967        .8346397.5498351      0.
GRID        2968        1.632472-.243852      0.
GRID        2969        .8912109.4995682      0.
GRID        2970        2.046766-.654551      0.
GRID        2971        2.166392-0.77356      0.
GRID        2972        1.695457-.301976      0.
GRID        2973        .22658341.169473      0.
GRID        2974        1.761403-.364778      0.
GRID        2975        1.969222-.572586      0.
GRID        2976        0.946819.4509407      0.
GRID        2977        1.898353-.500017      0.
GRID        2978        1.829313-.430901      0.
GRID        2979        .4936886.9065549      0.
GRID        2980        .35176831.050119      0.
GRID        2981        .29105481.111587      0.
GRID        2982        .05541121.349104      0.
GRID        2983        2.902042-1.49557      0.
GRID        2984        .10819091.298847      0.
GRID        2985        2.108812-.698486      0.
GRID        2986        .15957051.252786      0.
GRID        2987        .4277493.9877146      0.
GRID        2988        1.456562-.037408      0.
GRID        2989        2.680209 -1.2607      0.
GRID        2990        2.474794-1.05262      0.
GRID        2991        1.513471-.087478      0.
GRID        2992        .6035512 0.82249      0.
GRID        2993        .6607227.7655362      0.
GRID        2994        .7187865.7097405      0.
GRID        2995        .5507074.8780773      0.
GRID        2996        .77662690.655499      0.
GRID        2997        1.571234-.138035      0.
GRID        2998        2.341961-.906368      0.
GRID        2999        2.240674-0.80454      0.
GRID        3000        .8337752.6027658      0.
GRID        3001        1.630844-.189268      0.
GRID        3002        0.890265.5516366      0.
GRID        3003        .9459704.5021812      0.
GRID        3004        2.997521-1.54648      0.
GRID        3005        1.694054-.242846      0.
GRID        3006        0.2188581.236019      0.
GRID        3007        .05653521.399698      0.
GRID        3008        .1601304 1.29682      0.
GRID        3009        .11026551.347809      0.
GRID        3010        1.760579-.301676      0.
GRID        3011        .41036681.049258      0.
GRID        3012        1.828846-.365582      0.
GRID        3013        .35417571.109177      0.
GRID        3014        2.554283 -1.0905      0.
GRID        3015        2.768193-1.30432      0.
GRID        3016        .29160991.172428      0.
GRID        3017        2.174433-.710098      0.
GRID        3018        1.898231-.432361      0.
GRID        3019        1.969093-.502046      0.
GRID        3020        .4935236.9746556      0.
GRID        3021        2.043731-0.57501      0.
GRID        3022        1.456241.0128149      0.
GRID        3023        1.512791-.036876      0.
GRID        3024        .5520664.9270227      0.
GRID        3025        .6055235.8751725      0.
GRID        3026        2.118224-.636908      0.
GRID        3027        .66147150.819958      0.
GRID        3028        .7189213.7642511      0.
GRID        3029        1.570151-.086743      0.
GRID        3030        .7764214.7093412      0.
GRID        3031        0.833348.6557508      0.
GRID        3032        1.628367-.136868      0.
GRID        3033        2.430657-.937299      0.
GRID        3034        .8896841.6036987      0.
GRID        3035        3.096225-1.59903      0.
GRID        3036        .9454486.5533621      0.
GRID        3037        1.690497-.186012      0.
GRID        3038        .46563231.042531      0.
GRID        3039        .16413961.344144      0.
GRID        3040        2.637551-1.12919      0.
GRID        3041        .05722751.451342      0.
GRID        3042        2.321069-.811635      0.
GRID        3043        2.859016-1.34898      0.
GRID        3044        .1132776 1.39884      0.
GRID        3045        1.455989.0628679      0.
GRID        3046        1.758214-.239207      0.
GRID        3047        .41580951.104397      0.
GRID        3048        .5491145.9754353      0.
GRID        3049        1.512054.0133402      0.
GRID        3050        1.827488-0.30091      0.
GRID        3051        .35803071.170416      0.
GRID        3052        .29145591.237807      0.
GRID        3053        1.897282 -0.3658      0.
GRID        3054        .6058211.9267336      0.
GRID        3055        .22051291.312536      0.
GRID        3056        1.569134-.035893      0.
GRID        3057        1.968092-.433194      0.
GRID        3058        .6620983.8733264      0.
GRID        3059        0.719312.8183655      0.
GRID        3060        2.040753-0.50267      0.
GRID        3061        .77662450.763119      0.
GRID        3062        2.186314-.646311      0.
GRID        3063        1.626799-.085501      0.
GRID        3064        2.511105-.969629      0.
GRID        3065        .8333778.7087593      0.
GRID        3066        0.889456.6557757      0.
GRID        3067        2.118168-.570976      0.
GRID        3068        .9451444.6045064      0.
GRID        3069        1.684468-0.13451      0.
GRID        3070         2.25333-.699648      0.
GRID        3071        2.723801-1.16859      0.
GRID        3072        2.952848-1.39496      0.
GRID        3073        0.0568431.503237      0.
GRID        3074        .52898961.032393      0.
GRID        3075        .17128041.394228      0.
GRID        3076        2.395783-0.82895      0.
GRID        3077        .47351851.094922      0.
GRID        3078        1.455917.1128488      0.
GRID        3079        0.1157831.453412      0.
GRID        3080        1.511407.0631043      0.
GRID        3081        1.753422-.175977      0.
GRID        3082         1.56777.0144162      0.
GRID        3083        .6040244.9784505      0.
GRID        3084        .6618229.9259682      0.
GRID        3085        1.825044-0.23646      0.
GRID        3086        .42515631.163754      0.
GRID        3087        2.592747 -1.0036      0.
GRID        3088        .71946210.872058      0.
GRID        3089         1.62596-.034269      0.
GRID        3090        .7771614.8169771      0.
GRID        3091        1.895581-.300037      0.
GRID        3092        .83382160.761769      0.
GRID        3093        .8896099.7078623      0.
GRID        3094        .36221591.235654      0.
GRID        3095        1.682605-.084124      0.
GRID        3096        .29299161.306637      0.
GRID        3097        .9450539.6556666      0.
GRID        3098        1.966511-.365703      0.
GRID        3099        2.812928-1.20881      0.
GRID        3100         2.03854-0.43312      0.
GRID        3101        .05433591.551896      0.
GRID        3102        3.049842-1.44223      0.
GRID        3103         2.11152-.501223      0.
GRID        3104        2.467663-.855654      0.
GRID        3105        .23242351.381341      0.
GRID        3106        2.338577-.723692      0.
GRID        3107        1.456024.1628879      0.
GRID        3108        1.511268.1126846      0.
GRID        3109        .17657851.451255      0.
GRID        3110        2.201253-.573283      0.
GRID        3111        .11645831.511892      0.
GRID        3112        1.566205.0635622      0.
GRID        3113        .60071251.032783      0.
GRID        3114        .48762581.147986      0.
GRID        3115        1.743551-.107274      0.
GRID        3116        2.677062-1.03866      0.
GRID        3117        .66055480.978277      0.
GRID        3118        1.623753.0169521      0.
GRID        3119        .7187138.9253269      0.
GRID        3120        .54032741.105285      0.
GRID        3121        .77755520.871004      0.
GRID        3122         1.82141-.171447      0.
GRID        3123        .8349027.8151363      0.
GRID        3124        .89019170.759916      0.
GRID        3125        1.684542-.032645      0.
GRID        3126        .9451669.7067966      0.
GRID        3127        2.905006-1.25008      0.
GRID        3128        .05530171.601176      0.
GRID        3129        1.893183-.234404      0.
GRID        3130        3.150089-1.49098      0.
GRID        3131        2.546116-.884553      0.
GRID        3132        .36118541.302409      0.
GRID        3133        1.964428-.299045      0.
GRID        3134        1.4561850.213084      0.
GRID        3135        2.281761-.611028      0.
GRID        3136        2.036173-.365011      0.
GRID        3137        .44004121.231573      0.
GRID        3138        2.418175-.746206      0.
GRID        3139        .29896761.373923      0.
GRID        3140        1.511633.1624244      0.
GRID        3141         2.10899-.432065      0.
GRID        3142        2.178005-.499935      0.
GRID        3143         1.56601.1123131      0.
GRID        3144        1.6193580.064477      0.
GRID        3145        .23961781.444868      0.
GRID        3146        2.764264-1.07463      0.
GRID        3147        .65951331.030653      0.
GRID        3148        .11297661.578688      0.
GRID        3149        .18064891.512682      0.
GRID        3150        .7167065.9778795      0.
GRID        3151        .60679781.088883      0.
GRID        3152        .7767431.9252515      0.
GRID        3153        .9455909.7579197      0.
GRID        3154        .8915638.8120462      0.
GRID        3155        .8367334.8694234      0.
GRID        3156        1.682741.0245042      0.
GRID        3157         3.00017-1.29246      0.
GRID        3158        1.747861-.038202      0.
GRID        3159         1.81705-.104866      0.
GRID        3160        2.628185-.914978      0.
GRID        3161        .06101671.654076      0.
GRID        3162        .51272361.203039      0.
GRID        3163        1.4563110.263426      0.
GRID        3164        1.890158-.168613      0.
GRID        3165        .42428881.298614      0.
GRID        3166        2.362025-.637525      0.
GRID        3167        1.512067.2126032      0.
GRID        3168        2.496372-.770976      0.
GRID        3169         1.56716.1614006      0.
GRID        3170        1.961952-0.23265      0.
GRID        3171        1.619118.1115178      0.
GRID        3172        2.243634-.508528      0.
GRID        3173        .36687461.368853      0.
GRID        3174        2.033613-.297877      0.
GRID        3175        2.105766-.363669      0.
GRID        3176        .66085741.081948      0.
GRID        3177        2.854418-1.11153      0.
GRID        3178        .30522371.439448      0.
GRID        3179        .71531791.029713      0.
GRID        3180        .57632391.169559      0.
GRID        3181        2.179846-.430729      0.
GRID        3182        .7718329.9779684      0.
GRID        3183        .24551621.508153      0.
GRID        3184        .9464787.8089406      0.
GRID        3185        .8943189.8640729      0.
GRID        3186        3.098529-1.33607      0.
GRID        3187        1.675523.0880518      0.
GRID        3188        0.1844631.579671      0.
GRID        3189        .8397651 0.92695      0.
GRID        3190        2.713311-.946588      0.
GRID        3191        .4830466 1.28574      0.
GRID        3192        1.456359.3138664      0.
GRID        3193        1.747438.0253103      0.
GRID        3194        0.1224811.651012      0.
GRID        3195        1.512366.2631309      0.
GRID        3196        2.309856-.534329      0.
GRID        3197        1.815832 -0.0383      0.
GRID        3198        2.576857-.797273      0.
GRID        3199        1.568115.2116836      0.
GRID        3200        2.441855-.660964      0.
GRID        3201        1.622926.1588616      0.
GRID        3202         1.88687-.102425      0.
GRID        3203        .6452795 1.14019      0.
GRID        3204        1.959128-.166213      0.
GRID        3205        0.434127 1.36084      0.
GRID        3206        .71428371.080722      0.
GRID        3207        2.947624-1.14929      0.
GRID        3208        2.031061-.230979      0.
GRID        3209        0.7706461.029617      0.
GRID        3210        .8225017.9787034      0.
GRID        3211         2.10261-.296543      0.
GRID        3212        .54514491.261548      0.
GRID        3213        .9482666.8596588      0.
GRID        3214        .3087702 1.50121      0.
GRID        3215        2.174543-.361413      0.
GRID        3216        .37461551.438627      0.
GRID        3217        .9000205.9151708      0.
GRID        3218        3.200165-1.38102      0.
GRID        3219        1.456313.3643487      0.
GRID        3220         2.80141-.979156      0.
GRID        3221        .09531481.727736      0.
GRID        3222        1.5124880.313863      0.
GRID        3223        .25371081.574333      0.
GRID        3224        2.258138-.430087      0.
GRID        3225        2.385152-.555144      0.
GRID        3226        1.568637.2625786      0.
GRID        3227        1.681436.1511719      0.
GRID        3228        1.745049.0884968      0.
GRID        3229        1.624691.2099925      0.
GRID        3230        2.660084-.824737      0.
GRID        3231        2.522188-.684335      0.
GRID        3232        .60839061.229901      0.
GRID        3233        .8679525.9718281      0.
GRID        3234        1.8142250.026469      0.
GRID        3235        .71302871.129969      0.
GRID        3236        .19145491.653732      0.
GRID        3237        1.884203-.036455      0.
GRID        3238        .50095651.347039      0.
GRID        3239        .76792061.081473      0.
GRID        3240        3.043966-1.18813      0.
GRID        3241         1.95591-.099711      0.
GRID        3242        0.8274221.029062      0.
GRID        3243        .9516613.9093065      0.
GRID        3244        2.327458-.463295      0.
GRID        3245        2.028338-.163872      0.
GRID        3246        2.100163-.229528      0.
GRID        3247        .67033491.200509      0.
GRID        3248        1.4561550.414804      0.
GRID        3249        .9121833.9615702      0.
GRID        3250        .4457608 1.42868      0.
GRID        3251         2.17033-.295179      0.
GRID        3252        1.512412.3646922      0.
GRID        3253        2.892521-1.01262      0.
GRID        3254         1.56886.3137384      0.
GRID        3255        .32005511.562924      0.
GRID        3256        2.241353-.356266      0.
GRID        3257        1.625272.2616976      0.
GRID        3258        2.464211-0.57579      0.
GRID        3259        1.682727 0.20758      0.
GRID        3260        .87856011.013994      0.
GRID        3261        2.746142-0.85316      0.
GRID        3262        .81605251.077129      0.
GRID        3263        1.744725.1504799      0.
GRID        3264        2.604243-.708315      0.
GRID        3265        .38131251.519018      0.
GRID        3266        1.812033.0903873      0.
GRID        3267        .57683231.327878      0.
GRID        3268        .72739991.178334      0.
GRID        3269        1.881576.0285758      0.
GRID        3270        .77156631.139229      0.
GRID        3271        .9577131.9559735      0.
GRID        3272        .26643011.647958      0.
GRID        3273        3.143524-1.22815      0.
GRID        3274        1.952481-0.03357      0.
GRID        3275        1.455894.4651378      0.
GRID        3276        .85644161.067043      0.
GRID        3277        .92263351.003074      0.
GRID        3278        0.5130061.412712      0.
GRID        3279        1.512091.4155055      0.
GRID        3280        2.025023-.096539      0.
GRID        3281        2.402682-.473165      0.
GRID        3282        .64236211.288191      0.
GRID        3283        .19273561.739915      0.
GRID        3284        1.568814.3650596      0.
GRID        3285        2.327437-.391519      0.
GRID        3286         2.09798-0.16171      0.
GRID        3287         1.62555.3134083      0.
GRID        3288        2.986724-1.04697      0.
GRID        3289        2.168848-.228925      0.
GRID        3290        .10102691.839225      0.
GRID        3291        2.235041-.293833      0.
GRID        3292        1.682227.2607887      0.
GRID        3293        .89437531.052958      0.
GRID        3294        .82685931.121737      0.
GRID        3295        2.545403-.596766      0.
GRID        3296        1.742824.2088814      0.
GRID        3297        2.835115-.882422      0.
GRID        3298        .70058551.254021      0.
GRID        3299        2.688596-.732997      0.
GRID        3300        .9663699.9960763      0.
GRID        3301        1.809774.1538633      0.
GRID        3302        .46242141.503079      0.
GRID        3303        1.455578.5152721      0.
GRID        3304        .5739961 1.39711      0.
GRID        3305        1.878839.0928384      0.
GRID        3306        .93321491.041182      0.
GRID        3307        .34255861.632511      0.
GRID        3308        .87040071.105443      0.
GRID        3309        .75365631.223105      0.
GRID        3310        3.246412-1.26934      0.
GRID        3311        1.5115080.466132      0.
GRID        3312        1.948921.0315688      0.
GRID        3313        1.568353.4164533      0.
GRID        3314        2.303614-.315999      0.
GRID        3315        1.625711.3653428      0.
GRID        3316        2.020822-.029563      0.
GRID        3317        .80066471.190843      0.
GRID        3318        2.483797-0.49016      0.
GRID        3319        1.682353.3128041      0.
GRID        3320        0.9090161.089458      0.
GRID        3321        1.738366.2612394      0.
GRID        3322        3.084105-1.08231      0.
GRID        3323        2.094857-.092882      0.
GRID        3324        .97046181.033489      0.
GRID        3325        2.236518-0.23053      0.
GRID        3326        .41023961.596834      0.
GRID        3327        2.168149-.160508      0.
GRID        3328        .63126581.376656      0.
GRID        3329        2.628497-.618169      0.
GRID        3330        .53246621.478183      0.
GRID        3331        .84722631.165356      0.
GRID        3332        2.927099-.912486      0.
GRID        3333        0.2803811.734331      0.
GRID        3334        2.775558-.758362      0.
GRID        3335        1.455315.5652343      0.
GRID        3336        .94521731.075454      0.
GRID        3337        1.806016.2177314      0.
GRID        3338        .68353951.341715      0.
GRID        3339        1.510741.5163544      0.
GRID        3340        2.412204-0.38238      0.
GRID        3341        .88860771.143515      0.
GRID        3342        1.876205.1568629      0.
GRID        3343        1.567349.4676276      0.
GRID        3344        .73611631.304639      0.
GRID        3345        1.945339.0956308      0.
GRID        3346        1.625278.4176942      0.
GRID        3347        .97882541.064487      0.
GRID        3348        .59405961.454082      0.
GRID        3349         1.68332.3651226      0.
GRID        3350        .92564661.123986      0.
GRID        3351        1.738125.3118383      0.
GRID        3352        .20529831.846092      0.
GRID        3353        2.015874.0359244      0.
GRID        3354        0.7853811.269072      0.
GRID        3355         2.56616-.508573      0.
GRID        3356        .10248761.959693      0.
GRID        3357        2.302776-.237407      0.
GRID        3358        .83041491.235382      0.
GRID        3359        2.089853-.023901      0.
GRID        3360        3.184766-1.11864      0.
GRID        3361        .95944581.106878      0.
GRID        3362         1.45524.6151686      0.
GRID        3363        2.713769-0.64002      0.
GRID        3364         2.37775-.302286      0.
GRID        3365        1.510054.5661145      0.
GRID        3366         2.23879-.162063      0.
GRID        3367        2.166366-.089245      0.
GRID        3368         0.872521.205636      0.
GRID        3369          3.0222-.943365      0.
GRID        3370        .49240481.587725      0.
GRID        3371        2.865341-.784391      0.
GRID        3372        .99017511.092428      0.
GRID        3373        1.565813.5180548      0.
GRID        3374        1.797835.2868252      0.
GRID        3375        .91075611.179439      0.
GRID        3376        1.623845.4700839      0.
GRID        3377        1.873332.2215409      0.
GRID        3378        2.500929-.402677      0.
GRID        3379        .94519231.156248      0.
GRID        3380        1.9425780.159247      0.
GRID        3381        1.683381.4189216      0.
GRID        3382        1.741971.3631349      0.
GRID        3383        .56280111.543432      0.
GRID        3384        2.010816.0989446      0.
GRID        3385        .3795694 1.73034      0.
GRID        3386        .9763272 1.13583      0.
GRID        3387        .66598941.446446      0.
GRID        3388        .44984841.663122      0.
GRID        3389        1.4553480.665255      0.
GRID        3390        1.0043391.118121      0.
GRID        3391        .7248799 1.39778      0.
GRID        3392        2.650034-.527339      0.
GRID        3393         1.50991.6157705      0.
GRID        3394        2.082788.0430406      0.
GRID        3395        .77564951.353774      0.
GRID        3396        1.564137.5671769      0.
GRID        3397        3.288775 -1.1561      0.
GRID        3398        .82154451.313276      0.
GRID        3399        .62492361.510056      0.
GRID        3400        2.801531-.662339      0.
GRID        3401        2.308742-.169406      0.
GRID        3402        .86332761.276069      0.
GRID        3403        1.621059.5214295      0.
GRID        3404        0.9016271.242534      0.
GRID        3405        2.160918-.015994      0.
GRID        3406        3.120522-.975113      0.
GRID        3407        2.449811-0.30438      0.
GRID        3408        2.958111-.811093      0.
GRID        3409        0.9364151.212568      0.
GRID        3410        .96778081.185918      0.
GRID        3411        2.241228-.087471      0.
GRID        3412        1.681996.4738374      0.
GRID        3413        .99600141.162333      0.
GRID        3414        1.870373.2879697      0.
GRID        3415        1.803947.3554828      0.
GRID        3416        2.375136-.213706      0.
GRID        3417        1.743146.4188732      0.
GRID        3418        1.0212251.141638      0.
GRID        3419        0.3220981.841429      0.
GRID        3420        1.940714.2235059      0.
GRID        3421        2.584625-.419739      0.
GRID        3422        2.007969.1609574      0.
GRID        3423        .2057496 1.96516      0.
GRID        3424        1.455478.7156578      0.
GRID        3425        1.5103010.665774      0.
GRID        3426        2.073572.1034842      0.
GRID        3427        1.563942.6159819      0.
GRID        3428        1.616471.5686476      0.
GRID        3429        .10244332.082965      0.
GRID        3430        2.735917-.546322      0.
GRID        3431        .55197351.649466      0.
GRID        3432        1.0406711.162812      0.
GRID        3433        2.522325-.318104      0.
GRID        3434        0.6037631.600467      0.
GRID        3435        1.0183731.186192      0.
GRID        3436        .99332921.212686      0.
GRID        3437        2.892046-.685158      0.
GRID        3438        .96533721.242558      0.
GRID        3439        1.678679.5303256      0.
GRID        3440        2.151843.0578076      0.
GRID        3441        .93431061.275924      0.
GRID        3442        .89998771.313084      0.
GRID        3443        3.222157-1.00778      0.
GRID        3444        3.054008-.838502      0.
GRID        3445        .86223751.354172      0.
GRID        3446        1.742318.4758386      0.
GRID        3447        .50799321.712091      0.
GRID        3448        0.8207391.399353      0.
GRID        3449        1.455506.7663993      0.
GRID        3450        1.805172.4174379      0.
GRID        3451        .77515471.449282      0.
GRID        3452        1.870561.3543707      0.
GRID        3453        2.235325 -8.53-3      0.
GRID        3454        1.5106980.716538      0.
GRID        3455        1.939127.2891686      0.
GRID        3456        1.565206.6655074      0.
GRID        3457        0.7256641.505667      0.
GRID        3458        2.007438.2240353      0.
GRID        3459        1.616258.6154375      0.
GRID        3460        2.070649.1616216      0.
GRID        3461        2.456394-.223547      0.
GRID        3462        2.668825-.435976      0.
GRID        3463        2.324357-.090056      0.
GRID        3464         1.062461.181417      0.
GRID        3465        0.4626751.784015      0.
GRID        3466        .67498771.572343      0.
GRID        3467        1.0432631.207172      0.
GRID        3468        1.0216211.236303      0.
GRID        3469        2.824226-.565565      0.
GRID        3470        2.393115-.133851      0.
GRID        3471        1.671413.5925171      0.
GRID        3472        .99736861.269034      0.
GRID        3473        2.601898-0.33152      0.
GRID        3474        2.136997.1357772      0.
GRID        3475        1.455415.8175167      0.
GRID        3476        1.740278.5335028      0.
GRID        3477        .97026511.305609      0.
GRID        3478        2.985522-.708519      0.
GRID        3479        1.510798.7679556      0.
GRID        3480        .31074651.969561      0.
GRID        3481        1.803983.4770803      0.
GRID        3482          1.5662.7167345      0.
GRID        3483        1.0863271.197185      0.
GRID        3484        1.620411.6633168      0.
GRID        3485        3.327187-1.04146      0.
GRID        3486        .9401678 1.34619      0.
GRID        3487        3.153154-.866668      0.
GRID        3488        1.869696.4185614      0.
GRID        3489        .20474192.086451      0.
GRID        3490        1.938111.3556188      0.
GRID        3491         2.22567.0690462      0.
GRID        3492        1.070429   1.225      0.
GRID        3493        2.073732.2220042      0.
GRID        3494        2.007029.2895385      0.
GRID        3495        .65019581.647286      0.
GRID        3496        .90689891.390934      0.
GRID        3497        2.534106-.233511      0.
GRID        3498        .42710161.875082      0.
GRID        3499        2.754957-.452023      0.
GRID        3500        .60737091.697493      0.
GRID        3501        1.0524361.256458      0.
GRID        3502        .10254532.207312      0.
GRID        3503        .87029931.440086      0.
GRID        3504        2.3130153.3947-4      0.
GRID        3505        1.1119581.209857      0.
GRID        3506        2.465815-0.14226      0.
GRID        3507        .56950911.754226      0.
GRID        3508        1.0321611.291791      0.
GRID        3509        .83042171.494133      0.
GRID        3510        1.455206.8693927      0.
GRID        3511        2.915274-.585144      0.
GRID        3512        1.510531.8197929      0.
GRID        3513        1.738347.5928158      0.
GRID        3514        1.678174.6554283      0.
GRID        3515         2.39807-.062752      0.
GRID        3516        1.566411.7691041      0.
GRID        3517        1.801687.5349435      0.
GRID        3518        1.622497.7158151      0.
GRID        3519        1.0995661.239391      0.
GRID        3520        2.684911-0.34451      0.
GRID        3521        1.009386 1.33121      0.
GRID        3522        0.7879231.553974      0.
GRID        3523        1.866837.4803596      0.
GRID        3524        3.082124-0.73247      0.
GRID        3525        2.212833 0.14144      0.
GRID        3526        2.141512.2134365      0.
GRID        3527        .53656461.819203      0.
GRID        3528        1.1389951.219177      0.
GRID        3529        1.0854791.272828      0.
GRID        3530        1.936294.4222972      0.
GRID        3531        .98388271.374936      0.
GRID        3532        3.255649-.895647      0.
GRID        3533        2.006254.3566606      0.
GRID        3534         2.07501.2882238      0.
GRID        3535        .74531541.620788      0.
GRID        3536        2.614156-.243273      0.
GRID        3537        2.843562-.468115      0.
GRID        3538        .95546971.422993      0.
GRID        3539        1.454962.9236901      0.
GRID        3540        1.0695061.310399      0.
GRID        3541        1.1303031.250071      0.
GRID        3542        1.510084.8717778      0.
GRID        3543        1.565801 0.82193      0.
GRID        3544        2.301974.0858923      0.
GRID        3545        1.1670531.224773      0.
GRID        3546        1.622903.7697994      0.
GRID        3547        1.7400420.652769      0.
GRID        3548        .41210861.980892      0.
GRID        3549        1.800897.5925854      0.
GRID        3550         2.54245-.148744      0.
GRID        3551        1.680689.7132734      0.
GRID        3552        0.306938 2.08974      0.
GRID        3553        1.861329.5367332      0.
GRID        3554        .9239569 1.47556      0.
GRID        3555        0.705815 1.69374      0.
GRID        3556        1.434581.9673233      0.
GRID        3557        2.390165.0131095      0.
GRID        3558        1.051433 1.35228      0.
GRID        3559        3.009294-0.60513      0.
GRID        3560        1.1203661.285105      0.
GRID        3561        2.469851 -0.0628      0.
GRID        3562        .51453441.896113      0.
GRID        3563        .20458552.208606      0.
GRID        3564        2.770793-.357358      0.
GRID        3565        1.1622031.256804      0.
GRID        3566        2.210757.2104484      0.
GRID        3567        0.6504611.771003      0.
GRID        3568        .88938591.532782      0.
GRID        3569        1.1956341.227047      0.
GRID        3570        1.932569.4902361      0.
GRID        3571        3.181981-0.75707      0.
GRID        3572         2.14407.2845822      0.
GRID        3573        2.004696.4247925      0.
GRID        3574        1.0310351.398612      0.
GRID        3575        2.074898.3566985      0.
GRID        3576        1.510054.9233083      0.
GRID        3577        1.428786 1.00467      0.
GRID        3578        1.1090041.324534      0.
GRID        3579        .10305172.332098      0.
GRID        3580        3.361565-.925517      0.
GRID        3581        1.564366.8747284      0.
GRID        3582         1.47166.9698028      0.
GRID        3583        2.697125-.252856      0.
GRID        3584        1.621843.8242378      0.
GRID        3585        .85237891.594955      0.
GRID        3586         1.156631.293005      0.
GRID        3587         1.224261.226188      0.
GRID        3588        2.934965-.484403      0.
GRID        3589        1.680898.7701973      0.
GRID        3590        1.860741.5916101      0.
GRID        3591        1.741201.7120054      0.
GRID        3592         1.80237.6511979      0.
GRID        3593        1.1947571.259585      0.
GRID        3594        1.0079311.449624      0.
GRID        3595        1.095988 1.36849      0.
GRID        3596        2.285868.1792776      0.
GRID        3597        1.4252691.040867      0.
GRID        3598        2.622378-.154837      0.
GRID        3599        1.2524561.221019      0.
GRID        3600        1.467046 1.00939      0.
GRID        3601          0.81441.663134      0.
GRID        3602        2.381625.0969747      0.
GRID        3603        3.106462-.625587      0.
GRID        3604        2.546549-.064189      0.
GRID        3605        .60688661.875829      0.
GRID        3606        1.1501621.333598      0.
GRID        3607        1.512272.9715474      0.
GRID        3608        2.466992.0188294      0.
GRID        3609        1.2274511.258432      0.
GRID        3610        .98174911.505367      0.
GRID        3611        1.924039.5648118      0.
GRID        3612         1.56212.9267849      0.
GRID        3613        1.4174541.071547      0.
GRID        3614         2.85944-.370153      0.
GRID        3615        1.1936991.296269      0.
GRID        3616        1.2800251.213141      0.
GRID        3617        2.214985.2808375      0.
GRID        3618        2.002407.4941442      0.
GRID        3619        .50802321.988829      0.
GRID        3620        1.619325.8786051      0.
GRID        3621        1.0810431.417229      0.
GRID        3622        2.073678.4260964      0.
GRID        3623        2.144282.3558266      0.
GRID        3624        .40771752.093882      0.
GRID        3625        3.285193-.782379      0.
GRID        3626        1.4054621.099121      0.
GRID        3627        1.679281.8268396      0.
GRID        3628        1.3060421.201084      0.
GRID        3629         1.460171.047382      0.
GRID        3630        1.740761.7710455      0.
GRID        3631        1.2597521.253035      0.
GRID        3632        .77552731.737505      0.
GRID        3633        1.865193.6483176      0.
GRID        3634        1.803244.7113197      0.
GRID        3635        .3062554 2.20964      0.
GRID        3636        1.3911351.124792      0.
GRID        3637        1.3306741.186289      0.
GRID        3638        .95213781.565484      0.
GRID        3639        2.782902-.262289      0.
GRID        3640        1.3732531.147643      0.
GRID        3641        1.1425861.378996      0.
GRID        3642        1.3531731.168419      0.
GRID        3643        1.5074661.015664      0.
GRID        3644        1.2310351.295154      0.
GRID        3645        3.029388-.500981      0.
GRID        3646        1.1923211.337507      0.
GRID        3647        1.4497491.082102      0.
GRID        3648        1.063759 1.47096      0.
GRID        3649        1.2911441.243625      0.
GRID        3650        1.558804.9769254      0.
GRID        3651        .20552632.331451      0.
GRID        3652        .72946541.812814      0.
GRID        3653        2.705333-.160855      0.
GRID        3654        1.6151620.932368      0.
GRID        3655        .91940791.629137      0.
GRID        3656        1.4356991.113862      0.
GRID        3657        1.3210571.230214      0.
GRID        3658        1.4984611.057058      0.
GRID        3659        1.2679761.289172      0.
GRID        3660        2.3725420.185663      0.
GRID        3661        1.675763.8833252      0.
GRID        3662        3.206913-.646576      0.
GRID        3663        2.626716-0.06626      0.
GRID        3664        .10393562.457221      0.
GRID        3665        1.4184831.142977      0.
GRID        3666        1.3491211.213206      0.
GRID        3667        2.289597.2731596      0.
GRID        3668        1.1336641.429551      0.
GRID        3669        2.461411.1040817      0.
GRID        3670        1.999894.5657383      0.
GRID        3671        1.3980531.169251      0.
GRID        3672        2.545855.0215878      0.
GRID        3673        1.3748951.192818      0.
GRID        3674        2.951045-.383077      0.
GRID        3675        2.0721320.495998      0.
GRID        3676        1.738504.8299145      0.
GRID        3677         2.14279.4269287      0.
GRID        3678        2.214882.3550791      0.
GRID        3679        1.931081.6397403      0.
GRID        3680        1.2349041.336454      0.
GRID        3681        1.0434431.530093      0.
GRID        3682        1.1904541.383654      0.
GRID        3683        1.8024320.772272      0.
GRID        3684        1.5515211.024442      0.
GRID        3685        1.866875.7101953      0.
GRID        3686        1.485636 1.09556      0.
GRID        3687        1.3038931.278481      0.
GRID        3688        3.391855-.808437      0.
GRID        3689        0.8871311.698893      0.
GRID        3690        .60186111.985401      0.
GRID        3691        .69603751.895877      0.
GRID        3692        1.608844.9848789      0.
GRID        3693        2.871651-.271753      0.
GRID        3694        1.4692071.131267      0.
GRID        3695        1.3380851.263129      0.
GRID        3696        .50672112.096138      0.
GRID        3697         1.27713  1.3297      0.
GRID        3698        1.1230841.485761      0.
GRID        3699        3.127004-.517916      0.
GRID        3700        1.670087.9394025      0.
GRID        3701        1.540284 1.06944      0.
GRID        3702        1.0186211.593917      0.
GRID        3703        1.449189 1.16402      0.
GRID        3704        1.370042 1.24362      0.
GRID        3705        .40714332.210393      0.
GRID        3706        1.4258251.193759      0.
GRID        3707        1.3993531.220333      0.
GRID        3708        1.2389111.382622      0.
GRID        3709        1.734122.8887702      0.
GRID        3710        1.1879391.435154      0.
GRID        3711        2.791213-.166861      0.
GRID        3712        1.799663.8334077      0.
GRID        3713        1.5992161.035609      0.
GRID        3714        .85441211.780708      0.
GRID        3715        1.3183411.317737      0.
GRID        3716         1.525081.111772      0.
GRID        3717        2.071269.5665593      0.
GRID        3718        .30759192.330422      0.
GRID        3719        2.140821.4972873      0.
GRID        3720        2.001429.6376682      0.
GRID        3721        1.866018.7735546      0.
GRID        3722         2.21212.4284803      0.
GRID        3723         1.93296.7080233      0.
GRID        3724        2.709849-.068659      0.
GRID        3725        2.287483.3550723      0.
GRID        3726        3.310744-.668158      0.
GRID        3727        2.368227.2746834      0.
GRID        3728        .98644351.656822      0.
GRID        3729        2.454395.1919838      0.
GRID        3730        .79846191.848138      0.
GRID        3731        3.045749-.396214      0.
GRID        3732        2.626974.0231015      0.
GRID        3733        2.5418750.109231      0.
GRID        3734        1.661754.9946897      0.
GRID        3735        1.5060521.151337      0.
GRID        3736         1.357421.300149      0.
GRID        3737        1.1105221.548752      0.
GRID        3738        .20731432.454946      0.
GRID        3739        1.2873411.375691      0.
GRID        3740        1.5856241.084241      0.
GRID        3741        1.4832081.187892      0.
GRID        3742        1.3936711.277712      0.
GRID        3743        .69022321.983157      0.
GRID        3744        1.727283.9474992      0.
GRID        3745        1.1846451.491946      0.
GRID        3746        1.2428791.434242      0.
GRID        3747        1.4567311.221258      0.
GRID        3748         1.42679  1.2512      0.
GRID        3749        2.963412-.281262      0.
GRID        3750        .96081121.723068      0.
GRID        3751        .10527592.582712      0.
GRID        3752        1.794607.8947613      0.
GRID        3753        3.227941-.535272      0.
GRID        3754        1.3347511.361927      0.
GRID        3755        1.5679441.130436      0.
GRID        3756        1.650042 1.04876      0.
GRID        3757        .6056858 2.09381      0.
GRID        3758        1.8628460.837189      0.
GRID        3759        1.931836.7748561      0.
GRID        3760         2.14004 0.56691      0.
GRID        3761        2.207705.4994037      0.
GRID        3762        2.880069-.172899      0.
GRID        3763        2.001722.7079178      0.
GRID        3764        2.072676.6378004      0.
GRID        3765        .77362971.940648      0.
GRID        3766        2.282256.4323087      0.
GRID        3767        .50715282.210148      0.
GRID        3768        1.0948131.622494      0.
GRID        3769        1.5463871.174049      0.
GRID        3770        1.3793741.341242      0.
GRID        3771        2.362473.3590663      0.
GRID        3772         1.717481.005885      0.
GRID        3773        2.795851-.071212      0.
GRID        3774        1.2982431.427312      0.
GRID        3775        3.418056-.690363      0.
GRID        3776        2.447582.2801771      0.
GRID        3777        1.0483251.680072      0.
GRID        3778        0.8694421.862799      0.
GRID        3779        2.535593.1982979      0.
GRID        3780          3.1437 -0.4096      0.
GRID        3781        2.7105440.024076      0.
GRID        3782         1.520611.214547      0.
GRID        3783        1.6344091.101192      0.
GRID        3784        .94239061.793235      0.
GRID        3785        1.4203211.315475      0.
GRID        3786        1.1811981.554705      0.
GRID        3787        2.623823.1134857      0.
GRID        3788        1.2463361.491039      0.
GRID        3789        .40898132.328816      0.
GRID        3790        1.490925 1.25175      0.
GRID        3791        1.457421 1.28537      0.
GRID        3792        1.786936.9563224      0.
GRID        3793        1.857279.9010866      0.
GRID        3794        .31034032.452175      0.
GRID        3795        1.6143331.151472      0.
GRID        3796        1.3537471.412385      0.
GRID        3797        3.058334-.290885      0.
GRID        3798        1.704057 1.06357      0.
GRID        3799        2.203156.5660852      0.
GRID        3800        1.9280740.841327      0.
GRID        3801        1.0284131.742042      0.
GRID        3802        1.999904.7772611      0.
GRID        3803        3.332293-.553103      0.
GRID        3804        2.274132.5055315      0.
GRID        3805        2.072192.7094206      0.
GRID        3806        2.145178.6382313      0.
GRID        3807        .21004732.579216      0.
GRID        3808        1.5900721.199199      0.
GRID        3809        1.404865 1.38701      0.
GRID        3810        1.3084641.484359      0.
GRID        3811        2.971985-.178983      0.
GRID        3812        2.3539370.439584      0.
GRID        3813         1.776111.018068      0.
GRID        3814        .70830392.086913      0.
GRID        3815        1.2493011.551849      0.
GRID        3816        .86338161.940156      0.
GRID        3817         1.180061.624141      0.
GRID        3818        .94007781.864692      0.
GRID        3819        1.1102321.694668      0.
GRID        3820        1.5614111.243863      0.
GRID        3821        2.439128.3662998      0.
GRID        3822        1.6864491.120021      0.
GRID        3823        1.4504831.356834      0.
GRID        3824        2.884789-.073835      0.
GRID        3825        1.5285191.285128      0.
GRID        3826        1.4914931.322713      0.
GRID        3827        1.849109.9654921      0.
GRID        3828        2.527711.2875363      0.
GRID        3829        .1069564 2.70844      0.
GRID        3830        .60686592.208609      0.
GRID        3831        1.0123871.803475      0.
GRID        3832        0.7895192.031795      0.
GRID        3833        2.796748.0248384      0.
GRID        3834        3.245018-.423302      0.
GRID        3835        2.617749.2047102      0.
GRID        3836        2.707757.1174115      0.
GRID        3837        1.922026.9075862      0.
GRID        3838        .50941862.326362      0.
GRID        3839        2.2639390.573331      0.
GRID        3840        1.6640081.174565      0.
GRID        3841        1.7613351.079741      0.
GRID        3842        1.995322.8460891      0.
GRID        3843        1.3767721.472061      0.
GRID        3844        2.070268.7810333      0.
GRID        3845        1.0930981.760233      0.
GRID        3846        2.143584.7116838      0.
GRID        3847        3.156547-.300707      0.
GRID        3848        1.3133681.544218      0.
GRID        3849        2.342099.5165866      0.
GRID        3850        0.4127682.448581      0.
GRID        3851        2.224451 0.63692      0.
GRID        3852        1.6372861.226727      0.
GRID        3853        1.8378081.030776      0.
GRID        3854        3.440131-.571461      0.
GRID        3855        1.4352131.436356      0.
GRID        3856        1.2557781.616169      0.
GRID        3857        1.0085471.865709      0.
GRID        3858        .94086061.936839      0.
GRID        3859        2.428155.4498253      0.
GRID        3860        1.6056521.275744      0.
GRID        3861        3.067083-0.18514      0.
GRID        3862        1.7418341.140563      0.
GRID        3863        1.4846071.401054      0.
GRID        3864         1.186821.700212      0.
GRID        3865        1.913655.9745035      0.
GRID        3866        .86844122.020026      0.
GRID        3867        .31464032.575137      0.
GRID        3868        1.5695551.321233      0.
GRID        3869        1.5291921.362969      0.
GRID        3870        2.517664.3757102      0.
GRID        3871        2.976779-0.07649      0.
GRID        3872        1.988482.9142567      0.
GRID        3873        2.609305.2959365      0.
GRID        3874        1.3716711.535384      0.
GRID        3875        2.885773.0255372      0.
GRID        3876        .79925282.112878      0.
GRID        3877        3.349794-.437366      0.
GRID        3878        2.701751.2112452      0.
GRID        3879        .70723072.207546      0.
GRID        3880         2.79409.1212705      0.
GRID        3881        1.0780581.837329      0.
GRID        3882         2.32564.5899529      0.
GRID        3883        2.064511.8519871      0.
GRID        3884         1.717191.199706      0.
GRID        3885        .2134959 2.70395      0.
GRID        3886        1.8222021.097026      0.
GRID        3887        1.1577131.767178      0.
GRID        3888        2.212338.7139491      0.
GRID        3889        1.3238021.604502      0.
GRID        3890        2.144267.7859489      0.
GRID        3891        .60881122.323105      0.
GRID        3892        1.4236641.515674      0.
GRID        3893        .1088235  2.8343      0.
GRID        3894        2.413486.5306945      0.
GRID        3895        1.6878541.256501      0.
GRID        3896        1.0149261.930974      0.
GRID        3897        1.9027391.043213      0.
GRID        3898        3.258148-.310758      0.
GRID        3899        1.2686261.682808      0.
GRID        3900        1.472659 1.48422      0.
GRID        3901        0.946226 2.01111      0.
GRID        3902        .51434342.443589      0.
GRID        3903        2.299402.6604536      0.
GRID        3904        1.979905.9826873      0.
GRID        3905         1.800581.162716      0.
GRID        3906        1.6532921.310143      0.
GRID        3907        2.504836.4622314      0.
GRID        3908        1.5228991.447231      0.
GRID        3909        .87682442.096948      0.
GRID        3910        1.6139051.359921      0.
GRID        3911         3.16548-.191405      0.
GRID        3912        1.5702671.405588      0.
GRID        3913           2.056.9216107      0.
GRID        3914         1.388961.593511      0.
GRID        3915        1.220128 1.76359      0.
GRID        3916        2.598196.3865547      0.
GRID        3917        .41901072.569965      0.
GRID        3918        1.1555081.834318      0.
GRID        3919        3.071951-.079168      0.
GRID        3920        2.135842.8601325      0.
GRID        3921        2.692882.3050047      0.
GRID        3922        1.3364051.662484      0.
GRID        3923        1.7736331.226651      0.
GRID        3924        1.887682 1.11531      0.
GRID        3925        2.394408.6090105      0.
GRID        3926        2.977795.0262525      0.
GRID        3927        2.788067.2179621      0.
GRID        3928        3.458075-.451852      0.
GRID        3929         1.089351.917038      0.
GRID        3930        2.277435.7301285      0.
GRID        3931         2.88313.1251522      0.
GRID        3932        .31999652.699003      0.
GRID        3933        1.4503751.569092      0.
GRID        3934        2.228131.7914539      0.
GRID        3935        .80846262.212448      0.
GRID        3936         1.970551.053453      0.
GRID        3937        1.0222862.002489      0.
GRID        3938        .70677042.320298      0.
GRID        3939        1.7422081.288565      0.
GRID        3940        2.488307.5469227      0.
GRID        3941        2.046164.9897466      0.
GRID        3942        .95335122.085069      0.
GRID        3943        3.363219-.321074      0.
GRID        3944        1.2933111.750671      0.
GRID        3945        1.5081861.536493      0.
GRID        3946        .21722842.828866      0.
GRID        3947        1.222883 1.82617      0.
GRID        3948          1.8626 1.18667      0.
GRID        3949        .61411232.436726      0.
GRID        3950        1.7044491.347256      0.
GRID        3951        2.369382.6850025      0.
GRID        3952        2.124115.9314442      0.
GRID        3953        .88842622.169997      0.
GRID        3954        1.5632711.496693      0.
GRID        3955        2.584075.4761142      0.
GRID        3956         1.661361.401371      0.
GRID        3957        1.6144181.451345      0.
GRID        3958        1.1642971.904242      0.
GRID        3959        3.267272-.197805      0.
GRID        3960        .11090512.960184      0.
GRID        3961        1.4097111.663618      0.
GRID        3962        1.360228  1.7182      0.
GRID        3963         2.68101.3983606      0.
GRID        3964        2.209741.8720951      0.
GRID        3965        .52282072.562792      0.
GRID        3966        3.170437-.081868      0.
GRID        3967         1.833331.255256      0.
GRID        3968         2.77883.3145764      0.
GRID        3969        2.0373571.056278      0.
GRID        3970        1.1008651.995077      0.
GRID        3971        1.9615131.134952      0.
GRID        3972        2.467659.6300094      0.
GRID        3973        2.3409130.758295      0.
GRID        3974        3.072967.0270102      0.
GRID        3975        1.2834171.816576      0.
GRID        3976        1.0282422.072812      0.
GRID        3977        2.877008.2249519      0.
GRID        3978        2.975112.1291657      0.
GRID        3979        1.4798881.628395      0.
GRID        3980        2.110697.9994197      0.
GRID        3981        .4267072 2.69331      0.
GRID        3982        1.2331231.889022      0.
GRID        3983        .80247392.320822      0.
GRID        3984        .9648139 2.15877      0.
GRID        3985        1.8007361.322955      0.
GRID        3986        2.304671.8234873      0.
GRID        3987        2.566336.5644557      0.
GRID        3988        .89415292.244218      0.
GRID        3989        2.193086.9456022      0.
GRID        3990        .71084112.428225      0.
GRID        3991        1.9267051.213369      0.
GRID        3992        3.471818-.331693      0.
GRID        3993        1.5460451.594901      0.
GRID        3994         1.34072 1.80108      0.
GRID        3995        1.7594381.387665      0.
GRID        3996        .32546422.823133      0.
GRID        3997        2.441865.7121114      0.
GRID        3998        2.0346071.120829      0.
GRID        3999        1.1796161.976025      0.
GRID        4000        1.6065281.549458      0.
GRID        4001        2.665945.4909983      0.
GRID        4002         1.711741.445956      0.
GRID        4003        2.0972681.062549      0.
GRID        4004        1.6610461.499278      0.
GRID        4005        1.3964721.768372      0.
GRID        4006        1.2946381.871594      0.
GRID        4007        3.372535-.204366      0.
GRID        4008        2.281281.8915195      0.
GRID        4009        .2212881 2.95394      0.
GRID        4010        .62483692.551739      0.
GRID        4011        2.766366.4108664      0.
GRID        4012        1.4528151.725123      0.
GRID        4013        1.8951081.284582      0.
GRID        4014        1.0431632.142892      0.
GRID        4015        3.272325-0.08461      0.
GRID        4016         2.174391.014897      0.
GRID        4017        2.867444.3245871      0.
GRID        4018        2.544745.6517904      0.
GRID        4019        1.5121141.684744      0.
GRID        4020        1.1135922.085309      0.
GRID        4021         3.17147.0278549      0.
GRID        4022        .11326153.086122      0.
GRID        4023        2.0176561.182815      0.
GRID        4024        2.968854.2321839      0.
GRID        4025        3.070236.1333427      0.
GRID        4026        1.2516931.952543      0.
GRID        4027        2.4101570.794888      0.
GRID        4028        0.9765882.236253      0.
GRID        4029        0.8931282.326273      0.
GRID        4030        .53435772.686863      0.
GRID        4031        1.8654431.359592      0.
GRID        4032        .8045959 2.42226      0.
GRID        4033        2.263503.9644311      0.
GRID        4034        2.647394.5827997      0.
GRID        4035         2.153521.077886      0.
GRID        4036        1.9876141.245592      0.
GRID        4037        1.3653621.870854      0.
GRID        4038        2.1079021.132082      0.
GRID        4039        1.3156161.926281      0.
GRID        4040        .43349532.817109      0.
GRID        4041        2.3663230.884609      0.
GRID        4042        .7200432   2.532      0.
GRID        4043        1.8191991.433021      0.
GRID        4044        1.202316 2.05109      0.
GRID        4045        1.5893751.664556      0.
GRID        4046        2.750585.5066193      0.
GRID        4047        2.518724  0.7387      0.
GRID        4048         1.764221.494309      0.
GRID        4049        1.4327341.826997      0.
GRID        4050        1.6546951.605389      0.
GRID        4051        1.7106141.549495      0.
GRID        4052        1.9549431.311309      0.
GRID        4053        3.481321-.211116      0.
GRID        4054        1.4935121.781395      0.
GRID        4055        2.2387771.038114      0.
GRID        4056        2.8544770.423942      0.
GRID        4057        .33139382.947204      0.
GRID        4058        1.5508861.735664      0.
GRID        4059        2.082273 1.20572      0.
GRID        4060        1.0696072.220053      0.
GRID        4061        3.377694-.087406      0.
GRID        4062        2.958967.3349966      0.
GRID        4063        1.2785512.017727      0.
GRID        4064        2.625158.6738883      0.
GRID        4065        .98028852.320312      0.
GRID        4066        3.2733570.028746      0.
GRID        4067        3.063801.2396816      0.
GRID        4068        .22597263.078905      0.
GRID        4069         3.16863.1376621      0.
GRID        4070        2.2074481.103696      0.
GRID        4071        2.487852.8265085      0.
GRID        4072        .89628012.418864      0.
GRID        4073        1.1545542.166581      0.
GRID        4074        2.339851.9835229      0.
GRID        4075        .64647392.678953      0.
GRID        4076        2.049929 1.27578      0.
GRID        4077        1.3471341.981112      0.
GRID        4078        0.1158793.212435      0.
GRID        4079        .81000862.520201      0.
GRID        4080        2.731353.6017336      0.
GRID        4081        2.1767671.163481      0.
GRID        4082        1.9440371.397509      0.
GRID        4083        1.4096021.933811      0.
GRID        4084        .5413608  2.8111      0.
GRID        4085        2.0137291.343152      0.
GRID        4086        1.761598 1.59822      0.
GRID        4087        1.2361912.124681      0.
GRID        4088        2.838084.5228452      0.
GRID        4089        1.4749991.885998      0.
GRID        4090        1.8149941.546868      0.
GRID        4091        .73586742.626184      0.
GRID        4092        2.598952.7646565      0.
GRID        4093        1.0597662.305114      0.
GRID        4094        1.7101631.658046      0.
GRID        4095        2.452512.9173299      0.
GRID        4096        1.6515381.720403      0.
GRID        4097          1.53781.836427      0.
GRID        4098        1.8861421.488792      0.
GRID        4099        2.3074951.070919      0.
GRID        4100        1.5974391.783264      0.
GRID        4101        .44105692.939831      0.
GRID        4102        2.945534.4375276      0.
GRID        4103        2.1506481.233424      0.
GRID        4104        3.486583-.090278      0.
GRID        4105        1.3126222.084864      0.
GRID        4106        3.053593.3457965      0.
GRID        4107        2.708523.6962543      0.
GRID        4108        .89632272.511153      0.
GRID        4109        .99360022.414302      0.
GRID        4110         1.12973 2.27829      0.
GRID        4111        3.378749.0297023      0.
GRID        4112         0.338333.070886      0.
GRID        4113        3.161996.2474471      0.
GRID        4114        3.270454.1421725      0.
GRID        4115         2.260981.162213      0.
GRID        4116        2.1150121.308668      0.
GRID        4117        2.568868.8558173      0.
GRID        4118         1.384092.043113      0.
GRID        4119        2.4199191.011024      0.
GRID        4120        .82183682.612991      0.
GRID        4121        .23122393.204429      0.
GRID        4122        1.1993732.237515      0.
GRID        4123        2.818229.6211988      0.
GRID        4124        1.4523311.995996      0.
GRID        4125        2.0706831.381189      0.
GRID        4126        .64845852.806697      0.
GRID        4127        .11878393.339339      0.
GRID        4128        .74633572.713177      0.
GRID        4129        2.0150231.447932      0.
GRID        4130        1.0844632.380798      0.
GRID        4131        1.5197871.946048      0.
GRID        4132        1.8372471.630036      0.
GRID        4133        2.928559.5396274      0.
GRID        4134        1.2753762.195849      0.
GRID        4135        2.6820650.790372      0.
GRID        4136        .97438822.503753      0.
GRID        4137        1.5852791.893304      0.
GRID        4138        1.771891  1.7079      0.
GRID        4139        .55003282.931789      0.
GRID        4140        1.9659541.517107      0.
GRID        4141        2.535603.9481113      0.
GRID        4142        1.7094751.774494      0.
GRID        4143        2.2272131.256828      0.
GRID        4144         1.91111 1.57357      0.
GRID        4145        1.6483971.836866      0.
GRID        4146        2.3849341.101795      0.
GRID        4147        3.039709.4516087      0.
GRID        4148        1.3513062.153218      0.
GRID        4149         0.90803 2.59987      0.
GRID        4150        3.151475.3569888      0.
GRID        4151        1.1626412.347672      0.
GRID        4152        .45011673.061762      0.
GRID        4153        2.794838.7189665      0.
GRID        4154        3.487655.0306947      0.
GRID        4155         3.26354.2554814      0.
GRID        4156        3.375716.1468272      0.
GRID        4157        2.1868261.344137      0.
GRID        4158        1.047757 2.48529      0.
GRID        4159        1.425124 2.10818      0.
GRID        4160        2.652142.8843814      0.
GRID        4161         2.34524 1.19309      0.
GRID        4162        .83489922.703979      0.
GRID        4163        .34618643.195205      0.
GRID        4164        2.5015111.041008      0.
GRID        4165        1.2386292.308883      0.
GRID        4166         2.90812.6412175      0.
GRID        4167        1.4966992.059551      0.
GRID        4168        2.1350251.423753      0.
GRID        4169        .75126112.808573      0.
GRID        4170        .23702563.331078      0.
GRID        4171        1.5666772.007782      0.
GRID        4172         2.079121.496282      0.
GRID        4173        .99153732.584388      0.
GRID        4174          1.12072.455285      0.
GRID        4175         3.02217.5569778      0.
GRID        4176        .65779262.923154      0.
GRID        4177        1.3156442.267176      0.
GRID        4178        2.767926.8162095      0.
GRID        4179        1.6349191.952811      0.
GRID        4180        .12192713.467446      0.
GRID        4181        2.0235481.565949      0.
GRID        4182         1.897461.695282      0.
GRID        4183        2.307754 1.28611      0.
GRID        4184        1.9640511.630636      0.
GRID        4185        1.7013591.894231      0.
GRID        4186        1.8315181.765015      0.
GRID        4187        2.619194.9785315      0.
GRID        4188        1.7664521.831388      0.
GRID        4189        2.4653171.132786      0.
GRID        4190        3.137142.4661885      0.
GRID        4191         0.561163.051011      0.
GRID        4192        .92426732.689629      0.
GRID        4193        1.3928972.222729      0.
GRID        4194        1.1986192.421195      0.
GRID        4195         3.252740.368583      0.
GRID        4196        2.884123.7421836      0.
GRID        4197        3.368588.2638198      0.
GRID        4198        1.072652 2.56235      0.
GRID        4199        3.484509.1516449      0.
GRID        4200        1.468629 2.17567      0.
GRID        4201        .46065813.184032      0.
GRID        4202        .84837432.798978      0.
GRID        4203        2.4272041.223196      0.
GRID        4204        2.737662.9129806      0.
GRID        4205        2.2672641.386038      0.
GRID        4206        2.5842171.072345      0.
GRID        4207        1.2775562.382453      0.
GRID        4208        3.001113.6618289      0.
GRID        4209        1.5429092.125188      0.
GRID        4210        2.2016711.471855      0.
GRID        4211        .35493923.320834      0.
GRID        4212        .76300982.914082      0.
GRID        4213        1.0126052.670409      0.
GRID        4214        1.1530522.532993      0.
GRID        4215        1.6154182.071637      0.
GRID        4216        2.1427591.546978      0.
GRID        4217        3.119038.5749156      0.
GRID        4218        1.3569682.339966      0.
GRID        4219        2.856563.8424721      0.
GRID        4220        2.3898251.311231      0.
GRID        4221        1.6863682.014738      0.
GRID        4222        2.0838831.618612      0.
GRID        4223        .24333953.459577      0.
GRID        4224        .67099763.038529      0.
GRID        4225        2.0223421.687549      0.
GRID        4226        1.755656  1.9545      0.
GRID        4227        2.5469981.165078      0.
GRID        4228        1.9571051.755711      0.
GRID        4229        2.7043511.009323      0.
GRID        4230        1.8235931.890809      0.
GRID        4231        1.8906351.824289      0.
GRID        4232        3.2379410.481275      0.
GRID        4233        0.9429452.783031      0.
GRID        4234        1.4361972.294138      0.
GRID        4235        1.2347492.498213      0.
GRID        4236        3.357438.3805657      0.
GRID        4237        2.976433.7660025      0.
GRID        4238        1.0995792.645467      0.
GRID        4239        .57425553.170975      0.
GRID        4240        2.3566991.391139      0.
GRID        4241        3.477185.2724485      0.
GRID        4242         1.514182.245302      0.
GRID        4243        2.5080041.255851      0.
GRID        4244        .86507832.899802      0.
GRID        4245        2.825655.9420688      0.
GRID        4246        2.668411 1.10491      0.
GRID        4247        1.3169752.458703      0.
GRID        4248        2.316872 1.45938      0.
GRID        4249        3.097322.6830911      0.
GRID        4250        .47234263.308124      0.
GRID        4251        1.5908572.193114      0.
GRID        4252         2.263631.527228      0.
GRID        4253        1.0363432.760891      0.
GRID        4254        1.1853292.614987      0.
GRID        4255        .7790633 3.02375      0.
GRID        4256        1.6660182.137641      0.
GRID        4257        2.206204 1.60037      0.
GRID        4258        2.4679791.343738      0.
GRID        4259        3.2192590.593462      0.
GRID        4260        .36443383.448835      0.
GRID        4261        1.3992072.415104      0.
GRID        4262        2.948096.8693776      0.
GRID        4263        1.7394942.078985      0.
GRID        4264         2.146241.673349      0.
GRID        4265        2.0834841.744953      0.
GRID        4266        1.8113132.017164      0.
GRID        4267        2.6299971.199116      0.
GRID        4268        2.7916021.040906      0.
GRID        4269        2.0178651.815446      0.
GRID        4270        1.8816011.952282      0.
GRID        4271         1.950421.884859      0.
GRID        4272         3.342170.496871      0.
GRID        4273        .68685633.155198      0.
GRID        4274        .96448552.880615      0.
GRID        4275        1.4809442.367823      0.
GRID        4276        1.271402  2.5788      0.
GRID        4277        2.4272091.426482      0.
GRID        4278        3.465635.3929426      0.
GRID        4279        1.1283682.733324      0.
GRID        4280        3.0718790.790531      0.
GRID        4281        1.5613982.317286      0.
GRID        4282        2.5893181.291345      0.
GRID        4283        .58902423.292631      0.
GRID        4284         2.381761.503284      0.
GRID        4285        2.916371.9719244      0.
GRID        4286        .88503633.005028      0.
GRID        4287        2.7545911.138711      0.
GRID        4288        1.357239 2.53796      0.
GRID        4289        3.196851.7050527      0.
GRID        4290        1.6406832.263243      0.
GRID        4291        2.3290521.578246      0.
GRID        4292        1.0625552.855512      0.
GRID        4293        1.2189112.700865      0.
GRID        4294        .48504773.434831      0.
GRID        4295        1.7183582.205958      0.
GRID        4296        2.2716361.653967      0.
GRID        4297        2.5465741.380845      0.
GRID        4298        .7980737 3.13642      0.
GRID        4299        1.4425722.492939      0.
GRID        4300        3.322892.6126282      0.
GRID        4301        3.042698.8970959      0.
GRID        4302        1.7942882.145529      0.
GRID        4303        2.2108191.729186      0.
GRID        4304        2.7147611.234986      0.
GRID        4305        2.1469431.803184      0.
GRID        4306        1.8684872.082033      0.
GRID        4307        2.8813341.073493      0.
GRID        4308        2.0803041.875807      0.
GRID        4309         1.940952.015652      0.
GRID        4310        2.0115491.946788      0.
GRID        4311        3.449878.5129802      0.
GRID        4312        2.5014361.466829      0.
GRID        4313        .98875452.982219      0.
GRID        4314        1.527142 2.44404      0.
GRID        4315        1.3091932.662882      0.
GRID        4316        .70469863.274191      0.
GRID        4317        1.1591612.825285      0.
GRID        4318        3.170541.8158327      0.
GRID        4319        2.4523521.548977      0.
GRID        4320        2.672238 1.32933      0.
GRID        4321        1.6102992.391716      0.
GRID        4322        3.0099751.002701      0.
GRID        4323         2.843111.173859      0.
GRID        4324        1.3987252.620345      0.
GRID        4325        .90769533.113894      0.
GRID        4326        .6050062 3.41734      0.
GRID        4327        2.3982421.628973      0.
GRID        4328        3.299726.7277287      0.
GRID        4329        1.6922252.335818      0.
GRID        4330         1.254142.790484      0.
GRID        4331        1.0911222.954038      0.
GRID        4332        2.3398591.708078      0.
GRID        4333        2.6270281.421246      0.
GRID        4334        1.7724722.276658      0.
GRID        4335         1.487242.573702      0.
GRID        4336        3.429984.6324253      0.
GRID        4337        2.2779111.786037      0.
GRID        4338        1.8508042.214394      0.
GRID        4339        3.140446.9256952      0.
GRID        4340        .81927883.252123      0.
GRID        4341        2.801759 1.27263      0.
GRID        4342        2.2127391.862519      0.
GRID        4343        1.9273592.149077      0.
GRID        4344        2.973819 1.10721      0.
GRID        4345        2.1447411.937359      0.
GRID        4346        2.0019692.080941      0.
GRID        4347        2.0744312.010278      0.
GRID        4348        2.5788571.510451      0.
GRID        4349        1.5748712.522976      0.
GRID        4350        1.3484792.750404      0.
GRID        4351        1.0154553.087533      0.
GRID        4352        1.1919792.921068      0.
GRID        4353        3.272546.8419731      0.
GRID        4354        .72412363.396164      0.
GRID        4355        2.5269881.596696      0.
GRID        4356        2.7573911.369532      0.
GRID        4357        1.6608882.468755      0.
GRID        4358        3.106699 1.03453      0.
GRID        4359        2.9342661.210405      0.
GRID        4360        1.4415262.706047      0.
GRID        4361         2.470971.680748      0.
GRID        4362        1.7455272.410941      0.
GRID        4363        3.406008.7511431      0.
GRID        4364        .93251363.226268      0.
GRID        4365         2.709961.464235      0.
GRID        4366        2.4110951.763252      0.
GRID        4367        1.2911422.883734      0.
GRID        4368        1.1218753.056282      0.
GRID        4369         1.828362.349842      0.
GRID        4370        1.533559 2.65735      0.
GRID        4371        2.3476991.844138      0.
GRID        4372        1.9092192.285598      0.
GRID        4373        3.241501.9552622      0.
GRID        4374        2.8913451.311979      0.
GRID        4375        2.2810031.923234      0.
GRID        4376         1.988112.218337      0.
GRID        4377        3.0692681.142139      0.
GRID        4378          2.21142.000438      0.
GRID        4379        2.0649032.148242      0.
GRID        4380        .84219913.371204      0.
GRID        4381        2.1393362.075534      0.
GRID        4382        2.659329 1.55663      0.
GRID        4383        1.6242672.604732      0.
GRID        4384        1.3893272.841424      0.
GRID        4385        1.0442633.196413      0.
GRID        4386        3.377973.8689871      0.
GRID        4387        1.2267623.020535      0.
GRID        4388        2.6050671.646458      0.
GRID        4389        2.8451631.411742      0.
GRID        4390        1.7132382.548523      0.
GRID        4391        3.2065611.067419      0.
GRID        4392         3.028281.248361      0.
GRID        4393        1.4861252.794825      0.
GRID        4394        2.5470191.734097      0.
GRID        4395        1.800672 2.48871      0.
GRID        4396        .95915843.342145      0.
GRID        4397        2.7956731.509449      0.
GRID        4398        2.4853761.819891      0.
GRID        4399        1.3299822.980518      0.
GRID        4400        1.8861922.425576      0.
GRID        4401        1.154615 3.16215      0.
GRID        4402        2.4202811.903763      0.
GRID        4403        1.5815172.744094      0.
GRID        4404         1.969552.359259      0.
GRID        4405        3.345853.9857946      0.
GRID        4406        2.9837631.352971      0.
GRID        4407        2.351852 1.98558      0.
GRID        4408        2.0508722.289903      0.
GRID        4409        2.2804482.065288      0.
GRID        4410        3.1678241.178303      0.
GRID        4411        2.1299272.217676      0.
GRID        4412        2.7428351.605034      0.
GRID        4413        2.2064562.142737      0.
GRID        4414        1.6753972.689432      0.
GRID        4415        1.4319672.935813      0.
GRID        4416        1.0747613.309123      0.
GRID        4417        2.6863671.698239      0.
GRID        4418        1.2633583.123688      0.
GRID        4419        2.9357941.455816      0.
GRID        4420        1.7674232.631122      0.
GRID        4421        3.3096951.101418      0.
GRID        4422        3.125358 1.28775      0.
GRID        4423         2.626261.789255      0.
GRID        4424        1.5324332.886903      0.
GRID        4425        1.8577252.569212      0.
GRID        4426        2.5626871.878258      0.
GRID        4427        2.8843431.556693      0.
GRID        4428        1.9459882.503945      0.
GRID        4429        1.3706323.080788      0.
GRID        4430        2.4957031.965138      0.
GRID        4431        1.1890293.271814      0.
GRID        4432        1.6311872.834016      0.
GRID        4433        2.0319642.435442      0.
GRID        4434         3.079241.395609      0.
GRID        4435        2.4253742.049765      0.
GRID        4436        2.1157742.363866      0.
GRID        4437        2.3520042.132102      0.
GRID        4438        2.8293911.655491      0.
GRID        4439        3.2695851.215717      0.
GRID        4440        2.1971772.289359      0.
GRID        4441        2.2759272.212041      0.
GRID        4442        1.7283112.777163      0.
GRID        4443        1.4763623.033609      0.
GRID        4444        2.7707971.752014      0.
GRID        4445        3.0294291.501657      0.
GRID        4446        1.3017773.230341      0.
GRID        4447        1.8235232.716624      0.
GRID        4448        3.2256181.328562      0.
GRID        4449        2.7086161.846333      0.
GRID        4450        1.5804322.982323      0.
GRID        4451         1.916752.652523      0.
GRID        4452        2.6429971.938512      0.
GRID        4453        2.9760221.605803      0.
GRID        4454        2.0078272.585018      0.
GRID        4455        1.4129513.184652      0.
GRID        4456        2.5739772.028426      0.
GRID        4457        1.6827382.927063      0.
GRID        4458        2.096527 2.51423      0.
GRID        4459        2.501616 2.11595      0.
GRID        4460        3.1778041.439778      0.
GRID        4461        2.1829082.440313      0.
GRID        4462        2.918999 1.70789      0.
GRID        4463        2.4261452.201027      0.
GRID        4464        2.2667442.363389      0.
GRID        4465        2.3478392.283572      0.
GRID        4466        1.7831172.867966      0.
GRID        4467        1.5224723.134845      0.
GRID        4468        2.8583071.807751      0.
GRID        4469        3.1261741.549205      0.
GRID        4470        1.8815282.805119      0.
GRID        4471        2.7940381.905386      0.
GRID        4472        1.6301843.081075      0.
GRID        4473        1.9777862.738705      0.
GRID        4474        2.7262752.000748      0.
GRID        4475        3.070766  1.6567      0.
GRID        4476        2.0717582.668853      0.
GRID        4477        2.6550822.093732      0.
GRID        4478        2.1633022.595683      0.
GRID        4479        1.7360433.023368      0.
GRID        4480        2.5806032.184253      0.
GRID        4481        2.2523432.519317      0.
GRID        4482        3.0116511.762154      0.
GRID        4483        2.5029172.272174      0.
GRID        4484        2.3386762.439845      0.
GRID        4485        2.4222462.357421      0.
GRID        4486        1.8398652.961862      0.
GRID        4487         2.948841.865407      0.
GRID        4488        1.941499 2.89663      0.
GRID        4489        2.8824281.966399      0.
GRID        4490        2.0408772.827795      0.
GRID        4491        2.8124792.065027      0.
GRID        4492        2.1378472.755497      0.
GRID        4493        2.7390762.161181      0.
GRID        4494        2.2322892.679842      0.
GRID        4495        2.6622832.254724      0.
GRID        4496        2.3240872.600923      0.
GRID        4497        2.582279 2.34559      0.
GRID        4498         2.413092.518825      0.
GRID        4499        2.4991772.433665      0.
CQUAD4         1       1      64     261     260      63
CTRIA3         2       1     261      64      65
CQUAD4      2290       1      63     260     164     165
CQUAD4      2291       1     260    2260     163     164
CQUAD4      2292       1     261    2261    2260     260
CQUAD4      2293       1    2261     261      65    2262
CQUAD4      2294       1    2263     162     163    2260
CTRIA3      2295       1    2263    2260    2261
CQUAD4      2296       1      65      66    2264    2262
CQUAD4      2297       1    2263    2261    2262    2265
CQUAD4      2298       1     162    2263    2266     161
CQUAD4      2299       1      66      67    2267    2264
CQUAD4      2300       1    2265    2262    2264    2269
CQUAD4      2301       1    2266    2263    2265    2268
CTRIA3      2302       1    2268    2265    2269
CQUAD4      2303       1      67      68    2271    2267
CQUAD4      2304       1    2264    2267    2270    2269
CQUAD4      2305       1     160     161    2266    2272
CQUAD4      2306       1    2272    2266    2268    2273
CQUAD4      2307       1    2273    2268    2269    2274
CQUAD4      2308       1      68      69    2275    2271
CQUAD4      2309       1    2267    2271    2277    2270
CQUAD4      2310       1    2270    2276    2274    2269
CQUAD4      2311       1     159     160    2272    2278
CTRIA3      2312       1    2276    2270    2277
CQUAD4      2313       1    2278    2272    2273    2279
CQUAD4      2314       1      69      70    2280    2275
CQUAD4      2315       1    2271    2275    2282    2277
CQUAD4      2316       1    2279    2273    2274    2281
CQUAD4      2317       1    2274    2276    2283    2281
CQUAD4      2318       1    2276    2277    2284    2283
CQUAD4      2319       1     158     159    2278    2285
CQUAD4      2320       1      70      71    2287    2280
CQUAD4      2321       1    2275    2280    2286    2282
CQUAD4      2322       1    2277    2282    2289    2284
CQUAD4      2323       1    2285    2278    2279    2288
CQUAD4      2324       1    2288    2279    2281    2290
CQUAD4      2325       1    2290    2281    2283    2291
CQUAD4      2326       1    2280    2287    2294    2286
CQUAD4      2327       1    2282    2286    2292    2289
CQUAD4      2328       1      71      72    2295    2287
CQUAD4      2329       1    2291    2283    2284    2293
CTRIA3      2330       1    2289    2293    2284
CQUAD4      2331       1     157     158    2285    2296
CQUAD4      2332       1    2296    2285    2288    2297
CQUAD4      2333       1    2297    2288    2290    2298
CQUAD4      2334       1    2289    2292    2299    2293
CQUAD4      2335       1    2286    2294    2301    2292
CQUAD4      2336       1    2287    2295    2302    2294
CQUAD4      2337       1      72      73    2303    2295
CQUAD4      2338       1    2298    2290    2291    2300
CQUAD4      2339       1    2300    2291    2293    2304
CQUAD4      2340       1    2292    2301    2308    2299
CQUAD4      2341       1    2305    2304    2293    2299
CQUAD4      2342       1     156     157    2296    2306
CQUAD4      2343       1    2294    2302    2309    2301
CQUAD4      2344       1    2295    2303    2311    2302
CQUAD4      2345       1    2306    2296    2297    2307
CQUAD4      2346       1      73      74    2312    2303
CQUAD4      2347       1    2307    2297    2298    2310
CTRIA3      2348       1    2305    2299    2308
CQUAD4      2349       1    2310    2298    2300    2313
CQUAD4      2350       1    2313    2300    2304    2315
CQUAD4      2351       1       1       2    2314     311
CQUAD4      2352       1    2304    2305    2316    2315
CQUAD4      2353       1    2301    2309    2319    2308
CQUAD4      2354       1    2302    2311    2321    2309
CQUAD4      2355       1    2303    2312    2325    2311
CQUAD4      2356       1       2       3    2317    2314
CQUAD4      2357       1     310     311    2314    2318
CQUAD4      2358       1      74      75    2327    2312
CQUAD4      2359       1    2308    2320    2316    2305
CQUAD4      2360       1     155     156    2306    2326
CQUAD4      2361       1    2326    2306    2307    2328
CQUAD4      2362       1       3       4    2322    2317
CQUAD4      2363       1    2328    2307    2310    2329
CQUAD4      2364       1    2318    2314    2317    2323
CQUAD4      2365       1     309     310    2318    2324
CQUAD4      2366       1    2329    2310    2313    2330
CTRIA3      2367       1    2331    2315    2316
CQUAD4      2368       1    2330    2313    2315    2331
CQUAD4      2369       1    2308    2319    2342    2320
CQUAD4      2370       1    2309    2321    2343    2319
CQUAD4      2371       1       4       5    2332    2322
CQUAD4      2372       1    2317    2322    2333    2323
CQUAD4      2373       1    2324    2318    2323    2334
CQUAD4      2374       1     308     309    2324    2335
CQUAD4      2375       1    2311    2325    2344    2321
CQUAD4      2376       1    2312    2327    2345    2325
CQUAD4      2377       1    2316    2320    2337    2331
CQUAD4      2378       1      75      76    2346    2327
CQUAD4      2379       1    2322    2332    2336    2333
CQUAD4      2380       1       5       6    2338    2332
CQUAD4      2381       1    2334    2323    2333    2339
CQUAD4      2382       1     307     308    2335    2340
CQUAD4      2383       1    2335    2324    2334    2341
CTRIA3      2384       1    2337    2320    2342
CQUAD4      2385       1     154     155    2326    2353
CQUAD4      2386       1    2333    2336    2347    2339
CQUAD4      2387       1    2332    2338    2348    2336
CQUAD4      2388       1       6       7    2349    2338
CQUAD4      2389       1     306     307    2340    2350
CQUAD4      2390       1    2319    2343    2362    2342
CQUAD4      2391       1    2341    2334    2339    2352
CQUAD4      2392       1    2353    2326    2328    2355
CQUAD4      2393       1    2340    2335    2341    2351
CQUAD4      2394       1    2355    2328    2329    2357
CQUAD4      2395       1    2357    2329    2330    2358
CQUAD4      2396       1    2321    2344    2371    2343
CQUAD4      2397       1    2358    2330    2331    2354
CQUAD4      2398       1    2325    2345    2368    2344
CQUAD4      2399       1    2327    2346    2369    2345
CQUAD4      2400       1    2354    2331    2337    2363
CQUAD4      2401       1    2336    2348    2356    2347
CQUAD4      2402       1      76      77    2374    2346
CQUAD4      2403       1    2338    2349    2359    2348
CQUAD4      2404       1       7       8    2360    2349
CQUAD4      2405       1     305     306    2350    2361
CQUAD4      2406       1    2366    2352    2339    2347
CQUAD4      2407       1    2350    2340    2351    2364
CQUAD4      2408       1    2351    2341    2352    2365
CQUAD4      2409       1    2337    2342    2367    2363
CTRIA3      2410       1    2356    2366    2347
CQUAD4      2411       1    2348    2359    2370    2356
CQUAD4      2412       1    2349    2360    2372    2359
CQUAD4      2413       1       8       9    2373    2360
CQUAD4      2414       1     304     305    2361    2375
CQUAD4      2415       1    2361    2350    2364    2376
CQUAD4      2416       1    2364    2351    2365    2377
CQUAD4      2417       1    2378    2365    2352    2366
CQUAD4      2418       1    2342    2362    2380    2367
CQUAD4      2419       1    2343    2371    2387    2362
CQUAD4      2420       1    2356    2370    2379    2366
CQUAD4      2421       1    2345    2369    2391    2368
CQUAD4      2422       1    2344    2368    2393    2371
CQUAD4      2423       1    2346    2374    2394    2369
CQUAD4      2424       1    2359    2372    2381    2370
CQUAD4      2425       1       9      10    2382    2373
CQUAD4      2426       1    2383    2354    2363    2386
CQUAD4      2427       1     303     304    2375    2384
CQUAD4      2428       1    2360    2373    2385    2372
CQUAD4      2429       1    2375    2361    2376    2388
CQUAD4      2430       1    2376    2364    2377    2390
CQUAD4      2431       1    2402    2358    2354    2383
CQUAD4      2432       1    2377    2365    2378    2389
CQUAD4      2433       1      77      78    2406    2374
CQUAD4      2434       1     153     154    2353    2399
CQUAD4      2435       1    2399    2353    2355    2398
CQUAD4      2436       1    2398    2355    2357    2401
CQUAD4      2437       1    2401    2357    2358    2402
CQUAD4      2438       1    2367    2400    2386    2363
CQUAD4      2439       1    2366    2379    2392    2378
CTRIA3      2440       1    2367    2380    2400
CQUAD4      2441       1    2370    2381    2397    2379
CQUAD4      2442       1      10      11    2396    2382
CQUAD4      2443       1     302     303    2384    2395
CQUAD4      2444       1    2372    2385    2404    2381
CQUAD4      2445       1    2373    2382    2403    2385
CQUAD4      2446       1    2362    2387    2412    2380
CTRIA3      2447       1    2389    2378    2392
CQUAD4      2448       1    2384    2375    2388    2405
CQUAD4      2449       1    2388    2376    2390    2407
CQUAD4      2450       1    2390    2377    2389    2408
CTRIA3      2451       1    2409    2387    2371
CQUAD4      2452       1    2368    2391    2426    2393
CQUAD4      2453       1    2369    2394    2425    2391
CQUAD4      2454       1    2379    2397    2417    2392
CQUAD4      2455       1      11      12    2411    2396
CQUAD4      2456       1     301     302    2395    2410
CQUAD4      2457       1    2382    2396    2415    2403
CQUAD4      2458       1    2395    2384    2405    2413
CQUAD4      2459       1    2374    2406    2428    2394
CQUAD4      2460       1    2381    2404    2416    2397
CTRIA3      2461       1    2414    2386    2400
CTRIA3      2462       1    2418    2402    2383
CQUAD4      2463       1    2418    2383    2386    2414
CQUAD4      2464       1    2385    2403    2419    2404
CQUAD4      2465       1    2408    2389    2392    2421
CQUAD4      2466       1    2405    2388    2407    2420
CQUAD4      2467       1    2371    2393    2432    2409
CQUAD4      2468       1    2407    2390    2408    2422
CQUAD4      2469       1      78      79    2431    2406
CQUAD4      2470       1    2440    2400    2380    2412
CQUAD4      2471       1      12      13    2423    2411
CQUAD4      2472       1     300     301    2410    2424
CQUAD4      2473       1    2410    2395    2413    2427
CQUAD4      2474       1    2409    2446    2412    2387
CQUAD4      2475       1    2396    2411    2429    2415
CQUAD4      2476       1    2397    2416    2433    2417
CQUAD4      2477       1    2403    2415    2434    2419
CQUAD4      2478       1    2413    2405    2420    2430
CQUAD4      2479       1    2404    2419    2435    2416
CQUAD4      2480       1    2421    2392    2417    2438
CQUAD4      2481       1    2420    2407    2422    2436
CQUAD4      2482       1    2422    2408    2421    2439
CQUAD4      2483       1      13      14    2437    2423
CQUAD4      2484       1    2450    2398    2401    2447
CQUAD4      2485       1    2447    2401    2402    2448
CQUAD4      2486       1    2453    2399    2398    2450
CQUAD4      2487       1     152     153    2399    2453
CQUAD4      2488       1    2451    2414    2400    2440
CQUAD4      2489       1     299     300    2424    2441
CQUAD4      2490       1    2391    2425    2466    2426
CQUAD4      2491       1    2424    2410    2427    2442
CQUAD4      2492       1    2411    2423    2444    2429
CQUAD4      2493       1    2394    2428    2467    2425
CQUAD4      2494       1    2448    2402    2418    2455
CQUAD4      2495       1    2393    2426    2469    2432
CQUAD4      2496       1    2427    2413    2430    2443
CQUAD4      2497       1    2406    2431    2468    2428
CQUAD4      2498       1      14      15    2445    2437
CQUAD4      2499       1    2415    2429    2449    2434
CQUAD4      2500       1    2416    2435    2452    2433
CQUAD4      2501       1    2455    2418    2414    2451
CQUAD4      2502       1    2419    2434    2454    2435
CQUAD4      2503       1    2430    2420    2436    2456
CTRIA3      2504       1    2464    2431      79
CQUAD4      2505       1    2417    2433    2465    2438
CQUAD4      2506       1    2436    2422    2439    2459
CQUAD4      2507       1    2439    2421    2438    2461
CQUAD4      2508       1    2409    2432    2471    2446
CQUAD4      2509       1      15      16    2457    2445
CQUAD4      2510       1    2423    2437    2458    2444
CQUAD4      2511       1    2441    2424    2442    2462
CQUAD4      2512       1     298     299    2441    2463
CQUAD4      2513       1    2442    2427    2443    2460
CQUAD4      2514       1    2478    2440    2412    2446
CQUAD4      2515       1      16      17    2470    2457
CQUAD4      2516       1    2429    2444    2472    2449
CTRIA3      2517       1    2433    2452    2465
CQUAD4      2518       1    2443    2430    2456    2473
CQUAD4      2519       1    2434    2449    2476    2454
CQUAD4      2520       1    2435    2454    2477    2452
CQUAD4      2521       1    2437    2445    2474    2458
CQUAD4      2522       1    2464      79      80    2489
CQUAD4      2523       1      17      18    2475    2470
CQUAD4      2524       1    2456    2436    2459    2485
CTRIA3      2525       1    2473    2460    2443
CQUAD4      2526       1    2459    2439    2461    2484
CQUAD4      2527       1    2462    2442    2460    2479
CQUAD4      2528       1    2463    2441    2462    2480
CQUAD4      2529       1    2461    2438    2465    2487
CQUAD4      2530       1     297     298    2463    2481
CQUAD4      2531       1    2425    2467    2504    2466
CQUAD4      2532       1    2426    2466    2503    2469
CQUAD4      2533       1    2431    2464    2499    2468
CQUAD4      2534       1    2445    2457    2483    2474
CQUAD4      2535       1    2444    2458    2486    2472
CQUAD4      2536       1    2428    2468    2506    2467
CQUAD4      2537       1      18      19    2482    2475
CQUAD4      2538       1    2432    2469    2508    2471
CTRIA3      2539       1    2478    2491    2440
CQUAD4      2540       1    2451    2440    2491    2502
CQUAD4      2541       1    2452    2477    2497    2465
CQUAD4      2542       1    2449    2472    2494    2476
CQUAD4      2543       1      19      20    2488    2482
CTRIA3      2544       1    2446    2471    2507
CQUAD4      2545       1    2457    2470    2490    2483
CQUAD4      2546       1    2456    2485    2492    2473
CQUAD4      2547       1    2454    2476    2501    2477
CQUAD4      2548       1    2493    2479    2460    2473
CQUAD4      2549       1    2509    2455    2451    2502
CQUAD4      2550       1    2458    2474    2496    2486
CQUAD4      2551       1    2513    2447    2448    2511
CQUAD4      2552       1    2511    2448    2455    2509
CQUAD4      2553       1    2495    2480    2462    2479
CQUAD4      2554       1    2500    2481    2463    2480
CQUAD4      2555       1     296     297    2481     243
CQUAD4      2556       1    2520    2450    2447    2513
CQUAD4      2557       1      21    2498    2488      20
CQUAD4      2558       1    2485    2459    2484    2510
CQUAD4      2559       1    2523    2453    2450    2520
CQUAD4      2560       1    2512    2484    2461    2487
CQUAD4      2561       1    2470    2475    2505    2490
CQUAD4      2562       1     151     152    2453    2523
CQUAD4      2563       1    2487    2465    2497    2514
CQUAD4      2564       1    2472    2486    2518    2494
CQUAD4      2565       1    2474    2483    2515    2496
CQUAD4      2566       1      21      22    2516    2498
CQUAD4      2567       1    2478    2446    2507    2539
CQUAD4      2568       1    2475    2482    2517    2505
CQUAD4      2569       1      81    2528    2489      80
CQUAD4      2570       1    2521    2493    2473    2492
CQUAD4      2571       1    2499    2464    2489    2529
CTRIA3      2572       1    2519    2492    2485
CQUAD4      2573       1    2493    2522    2495    2479
CTRIA3      2574       1    2516      22      23
CQUAD4      2575       1    2524    2500    2480    2495
CQUAD4      2576       1     242     243    2481    2500
CQUAD4      2577       1    2476    2494    2530    2501
CQUAD4      2578       1    2477    2501    2527    2497
CQUAD4      2579       1    2482    2488    2525    2517
CQUAD4      2580       1    2466    2504    2546    2503
CQUAD4      2581       1    2483    2490    2526    2515
CQUAD4      2582       1    2469    2503    2543    2508
CQUAD4      2583       1    2467    2506    2547    2504
CQUAD4      2584       1    2468    2499    2551    2506
CTRIA3      2585       1    2525    2488    2498
CQUAD4      2586       1    2471    2508    2548    2507
CQUAD4      2587       1    2486    2496    2531    2518
CQUAD4      2588       1    2532    2510    2484    2512
CQUAD4      2589       1    2533    2519    2485    2510
CQUAD4      2590       1    2534    2512    2487    2514
CQUAD4      2591       1    2490    2505    2535    2526
CQUAD4      2592       1    2539    2552    2491    2478
CQUAD4      2593       1    2521    2492    2519    2537
CTRIA3      2594       1    2536    2514    2497
CQUAD4      2595       1    2538    2522    2493    2521
CQUAD4      2596       1      23      24    2540    2516
CQUAD4      2597       1    2498    2516    2542    2525
CQUAD4      2598       1    2541    2524    2495    2522
CQUAD4      2599       1     241     242    2500    2524
CQUAD4      2600       1    2496    2515    2544    2531
CQUAD4      2601       1    2494    2518    2550    2530
CQUAD4      2602       1    2505    2517    2549    2535
CQUAD4      2603       1      81      82    2545    2528
CQUAD4      2604       1    2560    2502    2491    2552
CQUAD4      2605       1    2528    2559    2529    2489
CQUAD4      2606       1    2501    2530    2553    2527
CQUAD4      2607       1    2497    2527    2557    2536
CQUAD4      2608       1    2555    2533    2510    2532
CQUAD4      2609       1    2554    2532    2512    2534
CQUAD4      2610       1    2568    2509    2502    2560
CQUAD4      2611       1    2515    2526    2556    2544
CQUAD4      2612       1    2558    2537    2519    2533
CQUAD4      2613       1    2571    2551    2499    2529
CQUAD4      2614       1    2517    2525    2561    2549
CQUAD4      2615       1    2566    2534    2514    2536
CQUAD4      2616       1    2574    2511    2509    2568
CQUAD4      2617       1    2562    2538    2521    2537
CQUAD4      2618       1    2516    2540    2563    2542
CQUAD4      2619       1    2518    2531    2569    2550
CQUAD4      2620       1    2564    2541    2522    2538
CQUAD4      2621       1      24      25    2565    2540
CQUAD4      2622       1    2575    2513    2511    2574
CQUAD4      2623       1     240     241    2524    2541
CQUAD4      2624       1    2508    2543    2584    2548
CQUAD4      2625       1    2503    2546    2596    2543
CQUAD4      2626       1    2504    2547    2591    2546
CQUAD4      2627       1      82      83    2570    2545
CQUAD4      2628       1    2526    2535    2572    2556
CQUAD4      2629       1    2548    2600    2539    2507
CTRIA3      2630       1    2567    2528    2545
CQUAD4      2631       1    2506    2551    2597    2547
CQUAD4      2632       1    2587    2520    2513    2575
CTRIA3      2633       1    2553    2530    2573
CQUAD4      2634       1    2525    2542    2577    2561
CQUAD4      2635       1    2598    2523    2520    2587
CQUAD4      2636       1    2527    2553    2582    2557
CQUAD4      2637       1    2544    2579    2569    2531
CQUAD4      2638       1    2578    2555    2532    2554
CQUAD4      2639       1    2580    2558    2533    2555
CQUAD4      2640       1    2535    2549    2581    2572
CQUAD4      2641       1    2530    2550    2585    2573
CQUAD4      2642       1    2576    2554    2534    2566
CQUAD4      2643       1     150     151    2523    2598
CQUAD4      2644       1    2583    2562    2537    2558
CQUAD4      2645       1    2594    2559    2528    2567
CTRIA3      2646       1    2577    2542    2563
CQUAD4      2647       1    2586    2564    2538    2562
CQUAD4      2648       1    2536    2557    2592    2566
CQUAD4      2649       1    2540    2565    2588    2563
CQUAD4      2650       1     239     240    2541    2564
CQUAD4      2651       1      25      26    2589    2565
CQUAD4      2652       1    2606    2571    2529    2559
CQUAD4      2653       1    2545    2570    2590    2567
CQUAD4      2654       1    2544    2556    2595    2579
CQUAD4      2655       1      83      84    2593    2570
CQUAD4      2656       1    2549    2561    2599    2581
CTRIA3      2657       1    2571    2605    2551
CQUAD4      2658       1    2550    2569    2609    2585
CQUAD4      2659       1    2553    2573    2608    2582
CQUAD4      2660       1    2619    2552    2539    2612
CQUAD4      2661       1    2556    2572    2602    2595
CQUAD4      2662       1    2603    2578    2554    2576
CQUAD4      2663       1    2604    2580    2555    2578
CTRIA3      2664       1    2612    2539    2600
CTRIA3      2665       1    2601    2576    2566
CQUAD4      2666       1    2607    2583    2558    2580
CQUAD4      2667       1    2610    2586    2562    2583
CQUAD4      2668       1    2563    2588    2611    2577
CTRIA3      2669       1    2594    2606    2559
CQUAD4      2670       1    2618    2592    2557    2582
CQUAD4      2671       1     238     239    2564    2586
CQUAD4      2672       1    2624    2560    2552    2619
CQUAD4      2673       1    2577    2616    2599    2561
CQUAD4      2674       1    2565    2589    2614    2588
CQUAD4      2675       1      26      27    2613    2589
CQUAD4      2676       1    2570    2593    2615    2590
CQUAD4      2677       1    2547    2597    2632    2591
CQUAD4      2678       1    2546    2591    2636    2596
CQUAD4      2679       1    2543    2596    2646    2584
CQUAD4      2680       1    2548    2584    2634    2600
CQUAD4      2681       1      84      85    2617    2593
CQUAD4      2682       1    2567    2590    2625    2594
CQUAD4      2683       1    2572    2581    2621    2602
CQUAD4      2684       1    2569    2579    2623    2609
CQUAD4      2685       1    2592    2622    2601    2566
CQUAD4      2686       1    2573    2585    2620    2608
CQUAD4      2687       1    2630    2568    2560    2624
CQUAD4      2688       1    2551    2605    2643    2597
CQUAD4      2689       1    2626    2603    2576    2601
CQUAD4      2690       1    2645    2574    2568    2630
CQUAD4      2691       1    2627    2604    2578    2603
CQUAD4      2692       1    2628    2607    2580    2604
CQUAD4      2693       1    2579    2595    2631    2623
CQUAD4      2694       1    2571    2606    2649    2605
CQUAD4      2695       1    2629    2610    2583    2607
CQUAD4      2696       1    2581    2599    2640    2621
CTRIA3      2697       1    2625    2590    2615
CTRIA3      2698       1    2595    2602    2631
CQUAD4      2699       1     237     238    2586    2610
CQUAD4      2700       1    2577    2611    2642    2616
CQUAD4      2701       1      27      28    2633    2613
CQUAD4      2702       1    2588    2614    2638    2611
CQUAD4      2703       1    2651    2575    2574    2645
CQUAD4      2704       1    2589    2613    2635    2614
CQUAD4      2705       1    2644    2618    2582    2608
CQUAD4      2706       1    2585    2609    2637    2620
CQUAD4      2707       1    2593    2617    2639    2615
CQUAD4      2708       1      85     166    2641    2617
CTRIA3      2709       1    2616    2640    2599
CQUAD4      2710       1    2648    2622    2592    2618
CQUAD4      2711       1    2594    2625    2654    2606
CQUAD4      2712       1    2664    2587    2575    2651
CTRIA3      2713       1    2634    2584    2646
CTRIA3      2714       1    2620    2647    2608
CQUAD4      2715       1    2650    2626    2601    2622
CQUAD4      2716       1    2652    2627    2603    2626
CQUAD4      2717       1    2602    2621    2657    2631
CQUAD4      2718       1    2674    2598    2587    2664
CQUAD4      2719       1    2655    2628    2604    2627
CQUAD4      2720       1    2656    2629    2607    2628
CTRIA3      2721       1    2609    2653    2637
CQUAD4      2722       1    2615    2639    2660    2625
CQUAD4      2723       1     236     237    2610    2629
CQUAD4      2724       1    2591    2632    2678    2636
CQUAD4      2725       1      28      29    2658    2633
CQUAD4      2726       1    2613    2633    2659    2635
CQUAD4      2727       1    2614    2635    2661    2638
CQUAD4      2728       1    2632    2597    2643    2679
CQUAD4      2729       1    2653    2609    2623    2666
CQUAD4      2730       1    2672    2612    2600    2669
CQUAD4      2731       1    2611    2638    2665    2642
CQUAD4      2732       1    2617    2641    2662    2639
CQUAD4      2733       1    2596    2636    2685    2646
CQUAD4      2734       1     166     167    2663    2641
CQUAD4      2735       1     149     150    2598    2674
CQUAD4      2736       1    2616    2642    2667    2640
CQUAD4      2737       1    2670    2644    2608    2647
CQUAD4      2738       1    2637    2668    2647    2620
CQUAD4      2739       1    2671    2648    2618    2644
CQUAD4      2740       1    2643    2605    2649    2683
CQUAD4      2741       1    2682    2619    2612    2672
CQUAD4      2742       1    2621    2640    2675    2657
CQUAD4      2743       1    2650    2622    2648    2673
CQUAD4      2744       1    2692    2649    2606    2654
CQUAD4      2745       1    2634    2701    2669    2600
CQUAD4      2746       1    2631    2681    2666    2623
CQUAD4      2747       1    2676    2652    2626    2650
CQUAD4      2748       1    2693    2624    2619    2682
CQUAD4      2749       1    2677    2655    2627    2652
CQUAD4      2750       1    2680    2656    2628    2655
CQUAD4      2751       1     235     236    2629    2656
CQUAD4      2752       1    2694    2654    2625    2660
CQUAD4      2753       1      29      30    2684    2658
CQUAD4      2754       1    2633    2658    2686    2659
CQUAD4      2755       1    2635    2659    2687    2661
CQUAD4      2756       1    2639    2662    2689    2660
CQUAD4      2757       1    2638    2661    2688    2665
CQUAD4      2758       1    2705    2630    2624    2693
CQUAD4      2759       1    2641    2663    2690    2662
CQUAD4      2760       1    2637    2653    2695    2668
CQUAD4      2761       1     167     168    2691    2663
CQUAD4      2762       1    2642    2665    2696    2667
CQUAD4      2763       1    2631    2657    2698    2681
CQUAD4      2764       1    2640    2667    2699    2675
CQUAD4      2765       1    2670    2647    2668    2697
CQUAD4      2766       1    2700    2671    2644    2670
CQUAD4      2767       1    2634    2646    2709    2701
CQUAD4      2768       1    2702    2673    2648    2671
CQUAD4      2769       1    2716    2645    2630    2705
CQUAD4      2770       1    2703    2676    2650    2673
CQUAD4      2771       1    2706    2677    2652    2676
CQUAD4      2772       1    2666    2704    2695    2653
CQUAD4      2773       1    2678    2632    2679    2718
CQUAD4      2774       1    2707    2680    2655    2677
CQUAD4      2775       1    2643    2683    2719    2679
CQUAD4      2776       1    2636    2678    2724    2685
CQUAD4      2777       1     234     235    2656    2680
CQUAD4      2778       1      30      31    2708    2684
CQUAD4      2779       1    2730    2651    2645    2716
CQUAD4      2780       1    2658    2684    2711    2686
CQUAD4      2781       1    2659    2686    2712    2687
CQUAD4      2782       1    2661    2687    2710    2688
CQUAD4      2783       1    2683    2649    2692    2726
CQUAD4      2784       1    2662    2690    2713    2689
CQUAD4      2785       1     168     169    2714    2691
CQUAD4      2786       1    2698    2657    2675    2717
CQUAD4      2787       1    2663    2691    2715    2690
CQUAD4      2788       1    2660    2689    2722    2694
CQUAD4      2789       1    2646    2685    2737    2709
CQUAD4      2790       1    2665    2688    2721    2696
CQUAD4      2791       1    2738    2692    2654    2694
CQUAD4      2792       1    2666    2681    2732    2704
CQUAD4      2793       1    2746    2664    2651    2730
CQUAD4      2794       1    2723    2697    2668    2695
CQUAD4      2795       1    2667    2696    2728    2699
CTRIA3      2796       1    2701    2720    2669
CTRIA3      2797       1    2699    2717    2675
CQUAD4      2798       1    2700    2670    2697    2725
CQUAD4      2799       1    2727    2702    2671    2700
CQUAD4      2800       1    2736    2672    2669    2720
CQUAD4      2801       1    2729    2703    2673    2702
CQUAD4      2802       1    2731    2706    2676    2703
CQUAD4      2803       1    2733    2707    2677    2706
CQUAD4      2804       1     233     234    2680    2707
CTRIA3      2805       1    2688    2710    2721
CQUAD4      2806       1      31      32    2734    2708
CTRIA3      2807       1    2689    2713    2722
CQUAD4      2808       1    2753    2674    2664    2746
CQUAD4      2809       1    2747    2682    2672    2736
CQUAD4      2810       1    2684    2708    2739    2711
CTRIA3      2811       1    2704    2735    2695
CQUAD4      2812       1    2687    2712    2741    2710
CQUAD4      2813       1    2686    2711    2742    2712
CQUAD4      2814       1    2681    2698    2740    2732
CQUAD4      2815       1     169     170    2743    2714
CQUAD4      2816       1    2690    2715    2744    2713
CQUAD4      2817       1    2691    2714    2745    2715
CQUAD4      2818       1    2759    2693    2682    2747
CQUAD4      2819       1    2679    2719    2765    2718
CQUAD4      2820       1     148     149    2674    2753
CQUAD4      2821       1    2724    2678    2718    2771
CQUAD4      2822       1    2683    2726    2767    2719
CQUAD4      2823       1    2699    2728    2754    2717
CQUAD4      2824       1    2723    2752    2725    2697
CQUAD4      2825       1    2696    2721    2757    2728
CQUAD4      2826       1    2727    2700    2725    2751
CQUAD4      2827       1    2749    2729    2702    2727
CQUAD4      2828       1    2735    2755    2723    2695
CQUAD4      2829       1    2748    2731    2703    2729
CQUAD4      2830       1    2722    2756    2738    2694
CQUAD4      2831       1    2740    2698    2717    2760
CQUAD4      2832       1    2750    2733    2706    2731
CQUAD4      2833       1    2726    2692    2738    2775
CQUAD4      2834       1    2685    2724    2778    2737
CQUAD4      2835       1     232     233    2707    2733
CQUAD4      2836       1    2777    2705    2693    2759
CQUAD4      2837       1      32      33    2758    2734
CQUAD4      2838       1    2741    2761    2721    2710
CQUAD4      2839       1    2772    2735    2704    2732
CQUAD4      2840       1    2764    2722    2713    2744
CQUAD4      2841       1    2708    2734    2762    2739
CQUAD4      2842       1    2711    2739    2766    2742
CQUAD4      2843       1     170     171    2763    2743
CQUAD4      2844       1    2712    2742    2768    2741
CQUAD4      2845       1    2774    2701    2709    2776
CQUAD4      2846       1    2714    2743    2769    2745
CQUAD4      2847       1    2715    2745    2770    2744
CTRIA3      2848       1    2776    2709    2737
CQUAD4      2849       1    2779    2720    2701    2774
CTRIA3      2850       1    2740    2773    2732
CQUAD4      2851       1    2793    2716    2705    2777
CQUAD4      2852       1    2780    2748    2729    2749
CQUAD4      2853       1    2781    2750    2731    2748
CQUAD4      2854       1    2749    2727    2751    2782
CQUAD4      2855       1    2752    2786    2751    2725
CQUAD4      2856       1    2784    2752    2723    2755
CQUAD4      2857       1     231     232    2733    2750
CQUAD4      2858       1    2717    2754    2794    2760
CQUAD4      2859       1      33      34    2783    2758
CQUAD4      2860       1    2728    2757    2792    2754
CQUAD4      2861       1    2757    2721    2761    2795
CQUAD4      2862       1    2802    2736    2720    2779
CQUAD4      2863       1    2807    2730    2716    2793
CQUAD4      2864       1    2764    2797    2756    2722
CTRIA3      2865       1    2738    2756    2787
CQUAD4      2866       1    2734    2758    2788    2762
CQUAD4      2867       1    2785    2755    2735    2772
CQUAD4      2868       1     171     172    2789    2763
CQUAD4      2869       1    2739    2762    2790    2766
CQUAD4      2870       1    2719    2767    2804    2765
CQUAD4      2871       1    2741    2768    2798    2761
CQUAD4      2872       1    2743    2763    2791    2769
CQUAD4      2873       1    2742    2766    2796    2768
CQUAD4      2874       1    2771    2718    2765    2806
CQUAD4      2875       1    2740    2760    2801    2773
CQUAD4      2876       1    2744    2770    2800    2764
CQUAD4      2877       1    2745    2769    2799    2770
CQUAD4      2878       1    2726    2775    2805    2767
CQUAD4      2879       1    2803    2772    2732    2773
CQUAD4      2880       1    2778    2724    2771    2821
CQUAD4      2881       1    2812    2747    2736    2802
CQUAD4      2882       1    2828    2746    2730    2807
CQUAD4      2883       1    2816    2775    2738    2787
CQUAD4      2884       1    2737    2778    2834    2776
CQUAD4      2885       1    2808    2781    2748    2780
CQUAD4      2886       1     230     231    2750    2781
CQUAD4      2887       1    2809    2780    2749    2782
CQUAD4      2888       1      34      35    2810    2783
CQUAD4      2889       1    2813    2784    2755    2785
CQUAD4      2890       1    2817    2786    2752    2784
CQUAD4      2891       1    2782    2751    2786    2823
CQUAD4      2892       1    2758    2783    2814    2788
CQUAD4      2893       1    2835    2759    2747    2812
CQUAD4      2894       1     172     173    2815    2789
CTRIA3      2895       1    2772    2811    2785
CQUAD4      2896       1    2762    2788    2819    2790
CQUAD4      2897       1    2763    2789    2818    2791
CQUAD4      2898       1    2756    2797    2826    2787
CQUAD4      2899       1    2754    2792    2825    2794
CQUAD4      2900       1    2792    2757    2795    2827
CQUAD4      2901       1    2846    2753    2746    2828
CQUAD4      2902       1    2766    2790    2822    2796
CQUAD4      2903       1    2769    2791    2820    2799
CQUAD4      2904       1    2761    2798    2829    2795
CQUAD4      2905       1    2768    2796    2824    2798
CQUAD4      2906       1    2760    2794    2830    2801
CQUAD4      2907       1    2800    2831    2797    2764
CQUAD4      2908       1    2770    2799    2832    2800
CTRIA3      2909       1    2840    2779    2774
CQUAD4      2910       1    2833    2803    2773    2801
CQUAD4      2911       1    2856    2777    2759    2835
CQUAD4      2912       1    2767    2805    2845    2804
CQUAD4      2913       1    2765    2804    2847    2806
CQUAD4      2914       1    2811    2772    2803    2838
CQUAD4      2915       1    2841    2840    2774    2776
CQUAD4      2916       1    2808    2780    2809    2836
CQUAD4      2917       1     147     148    2753    2846
CQUAD4      2918       1     229     230    2781    2808
CQUAD4      2919       1      35      36    2839    2810
CQUAD4      2920       1    2805    2775    2816    2853
CQUAD4      2921       1    2771    2806    2857    2821
CQUAD4      2922       1    2809    2782    2823    2837
CQUAD4      2923       1    2783    2810    2843    2814
CQUAD4      2924       1    2842    2813    2785    2811
CQUAD4      2925       1     173     174    2844    2815
CQUAD4      2926       1    2850    2817    2784    2813
CTRIA3      2927       1    2834    2841    2776
CQUAD4      2928       1    2789    2815    2849    2818
CQUAD4      2929       1    2788    2814    2851    2819
CQUAD4      2930       1    2791    2818    2848    2820
CQUAD4      2931       1    2854    2823    2786    2817
CQUAD4      2932       1    2790    2819    2852    2822
CQUAD4      2933       1    2869    2802    2779    2840
CQUAD4      2934       1    2787    2826    2858    2816
CQUAD4      2935       1    2874    2793    2777    2856
CQUAD4      2936       1    2796    2822    2855    2824
CQUAD4      2937       1    2792    2827    2859    2825
CQUAD4      2938       1    2794    2825    2860    2830
CQUAD4      2939       1    2799    2820    2865    2832
CQUAD4      2940       1    2795    2829    2861    2827
CQUAD4      2941       1    2798    2824    2862    2829
CQUAD4      2942       1    2834    2778    2821    2883
CQUAD4      2943       1    2797    2831    2866    2826
CQUAD4      2944       1    2863    2833    2801    2830
CQUAD4      2945       1    2800    2832    2868    2831
CQUAD4      2946       1    2870    2838    2803    2833
CQUAD4      2947       1    2836    2809    2837    2867
CQUAD4      2948       1    2836     228     229    2808
CQUAD4      2949       1      36      37    2871    2839
CTRIA3      2950       1    2823    2864    2837
CQUAD4      2951       1    2891    2807    2793    2874
CQUAD4      2952       1    2887    2812    2802    2869
CQUAD4      2953       1    2872    2842    2811    2838
CQUAD4      2954       1    2810    2839    2873    2843
CTRIA3      2955       1    2820    2848    2865
CQUAD4      2956       1     174     175    2875    2844
CQUAD4      2957       1    2804    2845    2884    2847
CQUAD4      2958       1    2815    2844    2876    2849
CQUAD4      2959       1    2878    2850    2813    2842
CQUAD4      2960       1    2814    2843    2879    2851
CQUAD4      2961       1    2818    2849    2877    2848
CQUAD4      2962       1    2805    2853    2886    2845
CQUAD4      2963       1    2881    2854    2817    2850
CQUAD4      2964       1    2819    2851    2880    2852
CQUAD4      2965       1    2806    2847    2889    2857
CQUAD4      2966       1    2822    2852    2882    2855
CQUAD4      2967       1    2816    2858    2893    2853
CQUAD4      2968       1    2854    2885    2864    2823
CQUAD4      2969       1    2824    2855    2899    2862
CQUAD4      2970       1    2860    2825    2859    2890
CQUAD4      2971       1    2827    2861    2895    2859
CQUAD4      2972       1    2917    2828    2807    2891
CQUAD4      2973       1    2892    2863    2830    2860
CQUAD4      2974       1    2913    2835    2812    2887
CQUAD4      2975       1    2866    2897    2858    2826
CQUAD4      2976       1     259     228    2836    2867
CQUAD4      2977       1    2829    2862    2898    2861
CQUAD4      2978       1    2888    2867    2837    2864
CQUAD4      2979       1    2832    2865    2901    2868
CQUAD4      2980       1    2831    2868    2902    2866
CQUAD4      2981       1    2896    2870    2833    2863
CQUAD4      2982       1    2883    2821    2857    2905
CQUAD4      2983       1      37      38    2894    2871
CQUAD4      2984       1    2903    2872    2838    2870
CQUAD4      2985       1    2839    2871    2900    2873
CQUAD4      2986       1     175     176    2904    2875
CQUAD4      2987       1    2877    2906    2865    2848
CQUAD4      2988       1    2844    2875    2907    2876
CQUAD4      2989       1    2908    2878    2842    2872
CQUAD4      2990       1    2843    2873    2910    2879
CQUAD4      2991       1    2911    2841    2834    2920
CQUAD4      2992       1    2849    2876    2909    2877
CTRIA3      2993       1    2899    2855    2882
CQUAD4      2994       1    2919    2840    2841    2911
CTRIA3      2995       1    2920    2834    2883
CQUAD4      2996       1    2912    2881    2850    2878
CQUAD4      2997       1    2851    2879    2914    2880
CTRIA3      2998       1    2867     227     259
CQUAD4      2999       1    2852    2880    2915    2882
CQUAD4      3000       1    2944    2846    2828    2917
CQUAD4      3001       1    2930    2856    2835    2913
CQUAD4      3002       1    2916    2885    2854    2881
CQUAD4      3003       1    2845    2886    2921    2884
CQUAD4      3004       1    2889    2847    2884    2932
CQUAD4      3005       1     258     227    2867    2888
CQUAD4      3006       1    2888    2864    2885    2918
CQUAD4      3007       1    2853    2893    2929    2886
CQUAD4      3008       1    2946    2869    2840    2919
CQUAD4      3009       1      38      39    2922    2894
CQUAD4      3010       1    2924    2892    2860    2890
CQUAD4      3011       1    2925    2890    2859    2895
CQUAD4      3012       1    2926    2896    2863    2892
CQUAD4      3013       1    2905    2857    2889    2937
CQUAD4      3014       1    2858    2897    2936    2893
CQUAD4      3015       1    2861    2898    2931    2895
CQUAD4      3016       1    2871    2894    2923    2900
CQUAD4      3017       1    2928    2903    2870    2896
CQUAD4      3018       1    2862    2899    2945    2898
CQUAD4      3019       1     176     177    2927    2904
CQUAD4      3020       1    2866    2902    2939    2897
CQUAD4      3021       1    2902    2868    2901    2942
CQUAD4      3022       1    2906    2940    2901    2865
CQUAD4      3023       1     146     147    2846    2944
CQUAD4      3024       1    2955    2874    2856    2930
CQUAD4      3025       1    2873    2900    2934    2910
CQUAD4      3026       1    2875    2904    2933    2907
CQUAD4      3027       1    2935    2908    2872    2903
CQUAD4      3028       1    2876    2907    2938    2909
CQUAD4      3029       1    2877    2909    2941    2906
CQUAD4      3030       1    2943    2912    2878    2908
CTRIA3      3031       1    2888     226     258
CQUAD4      3032       1    2882    2915    2949    2899
CQUAD4      3033       1    2879    2910    2947    2914
CQUAD4      3034       1    2948    2916    2881    2912
CQUAD4      3035       1    2880    2914    2950    2915
CTRIA3      3036       1    2883    2905    2953
CTRIA3      3037       1    2884    2921    2932
CQUAD4      3038       1    2963    2887    2869    2946
CQUAD4      3039       1    2951    2918    2885    2916
CQUAD4      3040       1      39      40    2952    2922
CQUAD4      3041       1     226    2888    2918     225
CQUAD4      3042       1    2894    2922    2954    2923
CQUAD4      3043       1    2983    2891    2874    2955
CQUAD4      3044       1    2958    2924    2890    2925
CQUAD4      3045       1    2959    2926    2892    2924
CQUAD4      3046       1    2886    2929    2970    2921
CQUAD4      3047       1     177     178    2957    2927
CQUAD4      3048       1    2931    2960    2925    2895
CQUAD4      3049       1    2961    2928    2896    2926
CQUAD4      3050       1    2900    2923    2956    2934
CTRIA3      3051       1    2911    2920    2966
CQUAD4      3052       1    2904    2927    2962    2933
CQUAD4      3053       1    2964    2935    2903    2928
CQUAD4      3054       1    2889    2932    2971    2937
CQUAD4      3055       1    2893    2936    2975    2929
CQUAD4      3056       1    2907    2933    2965    2938
CQUAD4      3057       1    2967    2943    2908    2935
CQUAD4      3058       1    2897    2939    2977    2936
CQUAD4      3059       1    2931    2898    2945    2979
CQUAD4      3060       1    2920    2883    2953    2998
CQUAD4      3061       1    2989    2913    2887    2963
CQUAD4      3062       1    2909    2938    2968    2941
CQUAD4      3063       1    2901    2940    2974    2942
CQUAD4      3064       1    2906    2941    2972    2940
CQUAD4      3065       1    2902    2942    2978    2939
CQUAD4      3066       1    2910    2934    2973    2947
CQUAD4      3067       1    2969    2948    2912    2943
CQUAD4      3068       1    2987    2945    2899    2949
CQUAD4      3069       1    2914    2947    2981    2950
CQUAD4      3070       1    2915    2950    2980    2949
CQUAD4      3071       1    2976    2951    2916    2948
CQUAD4      3072       1    2919    2911    2966    2990
CQUAD4      3073       1    2905    2937    2999    2953
CQUAD4      3074       1    3004    2917    2891    2983
CQUAD4      3075       1     224     225    2918    2951
CQUAD4      3076       1      40      41    2982    2952
CQUAD4      3077       1    2922    2952    2984    2954
CQUAD4      3078       1    2921    2970    2985    2932
CQUAD4      3079       1    2923    2954    2986    2956
CQUAD4      3080       1     178     179    2988    2957
CQUAD4      3081       1    2993    2959    2924    2958
CQUAD4      3082       1    2992    2958    2925    2960
CQUAD4      3083       1    2994    2961    2926    2959
CQUAD4      3084       1    3015    2930    2913    2989
CQUAD4      3085       1    2927    2957    2991    2962
CQUAD4      3086       1    2996    2964    2928    2961
CQUAD4      3087       1    2933    2962    2997    2965
CQUAD4      3088       1    3014    2946    2919    2990
CQUAD4      3089       1    2960    2931    2979    2995
CQUAD4      3090       1    3000    2967    2935    2964
CQUAD4      3091       1    2938    2965    3001    2968
CTRIA3      3092       1    2999    2937    2971
CQUAD4      3093       1    2973    2934    2956    3006
CQUAD4      3094       1    3002    2969    2943    2967
CQUAD4      3095       1    2941    2968    3005    2972
CQUAD4      3096       1    3035    2944    2917    3004
CQUAD4      3097       1    3003    2976    2948    2969
CQUAD4      3098       1    2929    2975    3021    2970
CQUAD4      3099       1    2940    2972    3010    2974
CQUAD4      3100       1    2936    2977    3019    2975
CQUAD4      3101       1    2978    2942    2974    3012
CQUAD4      3102       1    2932    2985    3017    2971
CQUAD4      3103       1    2977    2939    2978    3018
CQUAD4      3104       1    2981    2947    2973    3016
CQUAD4      3105       1     223     224    2951    2976
CQUAD4      3106       1      41      42    3007    2982
CQUAD4      3107       1    2950    2981    3013    2980
CQUAD4      3108       1    3033    2966    2920    2998
CQUAD4      3109       1    2949    2980    3011    2987
CQUAD4      3110       1    2945    2987    3020    2979
CQUAD4      3111       1    2952    2982    3009    2984
CQUAD4      3112       1    2954    2984    3008    2986
CTRIA3      3113       1    2956    2986    3006
CQUAD4      3114       1    3043    2955    2930    3015
CQUAD4      3115       1     179     180    3022    2988
CQUAD4      3116       1    3040    2963    2946    3014
CQUAD4      3117       1    2957    2988    3023    2991
CQUAD4      3118       1    3027    2993    2958    2992
CQUAD4      3119       1    3025    2992    2960    2995
CQUAD4      3120       1    3028    2994    2959    2993
CTRIA3      3121       1    3026    2985    2970
CQUAD4      3122       1    2962    2991    3029    2997
CQUAD4      3123       1    3030    2996    2961    2994
CQUAD4      3124       1    3042    2998    2953    2999
CQUAD4      3125       1    3031    3000    2964    2996
CTRIA3      3126       1    3024    2995    2979
CQUAD4      3127       1    2965    2997    3032    3001
CQUAD4      3128       1     145     146    2944    3035
CQUAD4      3129       1    3034    3002    2967    3000
CQUAD4      3130       1    3036    3003    2969    3002
CQUAD4      3131       1    2968    3001    3037    3005
CQUAD4      3132       1     222     223    2976    3003
CQUAD4      3133       1      42      43    3041    3007
CQUAD4      3134       1    2972    3005    3046    3010
CQUAD4      3135       1    2984    3009    3039    3008
CQUAD4      3136       1    2982    3007    3044    3009
CQUAD4      3137       1    3072    2983    2955    3043
CQUAD4      3138       1    3064    2990    2966    3033
CQUAD4      3139       1    2973    3006    3052    3016
CTRIA3      3140       1    2987    3011    3038
CQUAD4      3141       1    2980    3013    3047    3011
CQUAD4      3142       1    2974    3010    3050    3012
CQUAD4      3143       1    3070    2999    2971    3017
CQUAD4      3144       1    2986    3008    3055    3006
CQUAD4      3145       1    3013    2981    3016    3051
CQUAD4      3146       1    3012    3053    3018    2978
CQUAD4      3147       1    3071    2989    2963    3040
CQUAD4      3148       1     180     181    3045    3022
CQUAD4      3149       1    3019    2977    3018    3057
CQUAD4      3150       1    2975    3019    3060    3021
CQUAD4      3151       1    3048    3024    2979    3020
CQUAD4      3152       1    2970    3021    3067    3026
CQUAD4      3153       1    2988    3022    3049    3023
CQUAD4      3154       1    3026    3062    3017    2985
CQUAD4      3155       1    2991    3023    3056    3029
CQUAD4      3156       1    3054    3025    2995    3024
CQUAD4      3157       1    3058    3027    2992    3025
CQUAD4      3158       1    3059    3028    2993    3027
CQUAD4      3159       1    3061    3030    2994    3028
CQUAD4      3160       1    3065    3031    2996    3030
CQUAD4      3161       1    2997    3029    3063    3032
CQUAD4      3162       1    2987    3038    3074    3020
CQUAD4      3163       1    3066    3034    3000    3031
CQUAD4      3164       1    3068    3036    3002    3034
CQUAD4      3165       1    3001    3032    3069    3037
CTRIA3      3166       1    3008    3039    3055
CQUAD4      3167       1     221     222    3003    3036
CTRIA3      3168       1    3042    3076    2998
CQUAD4      3169       1    3087    3014    2990    3064
CQUAD4      3170       1      43      44    3073    3041
CQUAD4      3171       1    3102    3004    2983    3072
CQUAD4      3172       1    3099    3015    2989    3071
CQUAD4      3173       1    3009    3044    3075    3039
CQUAD4      3174       1    3007    3041    3079    3044
CQUAD4      3175       1    3005    3037    3081    3046
CQUAD4      3176       1    3011    3047    3077    3038
CQUAD4      3177       1     181     182    3078    3045
CTRIA3      3178       1    3048    3020    3074
CTRIA3      3179       1    3070    3017    3062
CQUAD4      3180       1    3022    3045    3080    3049
CQUAD4      3181       1    3010    3046    3085    3050
CQUAD4      3182       1    3047    3013    3051    3086
CQUAD4      3183       1    3104    3033    2998    3076
CQUAD4      3184       1    3106    3042    2999    3070
CQUAD4      3185       1    3023    3049    3082    3056
CQUAD4      3186       1    3006    3055    3096    3052
CQUAD4      3187       1    3050    3091    3053    3012
CQUAD4      3188       1    3024    3048    3083    3054
CQUAD4      3189       1    3051    3016    3052    3094
CQUAD4      3190       1    3053    3098    3057    3018
CQUAD4      3191       1    3084    3058    3025    3054
CQUAD4      3192       1    3060    3019    3057    3100
CQUAD4      3193       1    3088    3059    3027    3058
CQUAD4      3194       1    3029    3056    3089    3063
CQUAD4      3195       1    3090    3061    3028    3059
CQUAD4      3196       1    3092    3065    3030    3061
CQUAD4      3197       1    3021    3060    3103    3067
CQUAD4      3198       1    3093    3066    3031    3065
CQUAD4      3199       1    3032    3063    3095    3069
CQUAD4      3200       1    3097    3068    3034    3066
CQUAD4      3201       1    3026    3067    3110    3062
CQUAD4      3202       1    3116    3040    3014    3087
CQUAD4      3203       1     220     221    3036    3068
CQUAD4      3204       1    3130    3035    3004    3102
CQUAD4      3205       1      44      45    3101    3073
CQUAD4      3206       1    3075    3105    3055    3039
CQUAD4      3207       1    3127    3043    3015    3099
CQUAD4      3208       1     182     183    3107    3078
CQUAD4      3209       1    3041    3073    3111    3079
CQUAD4      3210       1    3115    3081    3037    3069
CQUAD4      3211       1    3044    3079    3109    3075
CQUAD4      3212       1    3038    3077    3120    3074
CQUAD4      3213       1    3045    3078    3108    3080
CQUAD4      3214       1    3083    3048    3074    3113
CQUAD4      3215       1    3131    3064    3033    3104
CQUAD4      3216       1    3049    3080    3112    3082
CQUAD4      3217       1    3077    3047    3086    3114
CQUAD4      3218       1    3046    3081    3122    3085
CQUAD4      3219       1    3117    3084    3054    3083
CQUAD4      3220       1    3056    3082    3118    3089
CQUAD4      3221       1    3119    3088    3058    3084
CQUAD4      3222       1    3138    3076    3042    3106
CQUAD4      3223       1    3050    3085    3129    3091
CQUAD4      3224       1    3121    3090    3059    3088
CQUAD4      3225       1    3123    3092    3061    3090
CTRIA3      3226       1    3069    3095    3115
CQUAD4      3227       1    3063    3089    3125    3095
CQUAD4      3228       1    3124    3093    3065    3092
CQUAD4      3229       1    3086    3051    3094    3137
CQUAD4      3230       1    3052    3096    3132    3094
CQUAD4      3231       1    3146    3071    3040    3116
CQUAD4      3232       1    3110    3135    3070    3062
CQUAD4      3233       1    3053    3091    3133    3098
CQUAD4      3234       1    3126    3097    3066    3093
CQUAD4      3235       1      45      46    3128    3101
CQUAD4      3236       1     219     220    3068    3097
CQUAD4      3237       1    3098    3136    3100    3057
CQUAD4      3238       1     144     145    3035    3130
CQUAD4      3239       1    3105    3139    3096    3055
CQUAD4      3240       1    3157    3072    3043    3127
CQUAD4      3241       1    3060    3100    3141    3103
CQUAD4      3242       1    3067    3103    3142    3110
CQUAD4      3243       1     183     184    3134    3107
CTRIA3      3244       1    3120    3077    3114
CQUAD4      3245       1    3078    3107    3140    3108
CQUAD4      3246       1    3073    3101    3148    3111
CQUAD4      3247       1    3075    3109    3145    3105
CQUAD4      3248       1    3160    3087    3064    3131
CQUAD4      3249       1    3080    3108    3143    3112
CQUAD4      3250       1    3079    3111    3149    3109
CQUAD4      3251       1    3151    3113    3074    3120
CQUAD4      3252       1    3082    3112    3144    3118
CQUAD4      3253       1    3147    3117    3083    3113
CQUAD4      3254       1    3166    3106    3070    3135
CQUAD4      3255       1    3150    3119    3084    3117
CQUAD4      3256       1    3115    3159    3122    3081
CQUAD4      3257       1    3168    3104    3076    3138
CQUAD4      3258       1    3152    3121    3088    3119
CQUAD4      3259       1    3089    3118    3156    3125
CQUAD4      3260       1    3177    3099    3071    3146
CQUAD4      3261       1    3095    3125    3158    3115
CQUAD4      3262       1    3155    3123    3090    3121
CQUAD4      3263       1    3154    3124    3092    3123
CQUAD4      3264       1    3153    3126    3093    3124
CTRIA3      3265       1    3128    3148    3101
CQUAD4      3266       1    3114    3086    3137    3162
CQUAD4      3267       1     218     219    3097    3126
CQUAD4      3268       1    3085    3122    3164    3129
CQUAD4      3269       1    3128      46      47    3161
CQUAD4      3270       1    3186    3102    3072    3157
CQUAD4      3271       1    3091    3129    3170    3133
CQUAD4      3272       1    3094    3132    3165    3137
CQUAD4      3273       1     184     185    3163    3134
CQUAD4      3274       1    3139    3173    3132    3096
CQUAD4      3275       1    3098    3133    3174    3136
CQUAD4      3276       1    3107    3134    3167    3140
CQUAD4      3277       1    3141    3100    3136    3175
CQUAD4      3278       1    3108    3140    3169    3143
CQUAD4      3279       1    3190    3116    3087    3160
CQUAD4      3280       1    3142    3103    3141    3181
CQUAD4      3281       1    3105    3145    3178    3139
CTRIA3      3282       1    3172    3110    3142
CQUAD4      3283       1    3112    3143    3171    3144
CQUAD4      3284       1    3180    3120    3114    3162
CQUAD4      3285       1    3109    3149    3183    3145
CQUAD4      3286       1    3176    3147    3113    3151
CQUAD4      3287       1    3150    3117    3147    3179
CQUAD4      3288       1    3111    3148    3188    3149
CQUAD4      3289       1    3198    3131    3104    3168
CQUAD4      3290       1    3182    3152    3119    3150
CQUAD4      3291       1    3200    3138    3106    3166
CQUAD4      3292       1    3118    3144    3187    3156
CQUAD4      3293       1    3207    3127    3099    3177
CQUAD4      3294       1    3135    3110    3172    3196
CQUAD4      3295       1    3184    3153    3124    3154
CQUAD4      3296       1     217     218    3126    3153
CQUAD4      3297       1    3185    3154    3123    3155
CQUAD4      3298       1    3189    3155    3121    3152
CQUAD4      3299       1    3115    3158    3197    3159
CQUAD4      3300       1    3128    3161    3194    3148
CQUAD4      3301       1    3125    3156    3193    3158
CQUAD4      3302       1    3218    3130    3102    3186
CQUAD4      3303       1     185     186    3192    3163
CQUAD4      3304       1    3159    3202    3164    3122
CQUAD4      3305       1    3151    3120    3180    3203
CTRIA3      3306       1    3137    3165    3191
CQUAD4      3307       1      47      48    3221    3161
CQUAD4      3308       1    3134    3163    3195    3167
CQUAD4      3309       1    3129    3164    3204    3170
CTRIA3      3310       1    3144    3171    3187
CQUAD4      3311       1    3140    3167    3199    3169
CQUAD4      3312       1    3220    3146    3116    3190
CQUAD4      3313       1    3132    3173    3205    3165
CQUAD4      3314       1    3143    3169    3201    3171
CQUAD4      3315       1    3133    3170    3208    3174
CQUAD4      3316       1    3211    3175    3136    3174
CQUAD4      3317       1    3162    3137    3191    3212
CTRIA3      3318       1    3203    3176    3151
CQUAD4      3319       1    3139    3178    3216    3173
CQUAD4      3320       1    3206    3179    3147    3176
CQUAD4      3321       1    3175    3215    3181    3141
CQUAD4      3322       1    3150    3179    3209    3182
CQUAD4      3323       1    3230    3160    3131    3198
CQUAD4      3324       1    3142    3181    3224    3172
CQUAD4      3325       1    3145    3183    3214    3178
CQUAD4      3326       1    3225    3166    3135    3196
CQUAD4      3327       1    3231    3168    3138    3200
CQUAD4      3328       1    3240    3157    3127    3207
CQUAD4      3329       1    3189    3152    3182    3210
CQUAD4      3330       1     216     217    3153    3184
CQUAD4      3331       1    3213    3184    3154    3185
CQUAD4      3332       1    3149    3188    3223    3183
CQUAD4      3333       1    3217    3185    3155    3189
CQUAD4      3334       1     143     144    3130    3218
CQUAD4      3335       1     186     187    3219    3192
CQUAD4      3336       1    3148    3194    3236    3188
CQUAD4      3337       1    3187    3228    3193    3156
CTRIA3      3338       1    3161    3221    3194
CQUAD4      3339       1    3163    3192    3222    3195
CQUAD4      3340       1    3158    3193    3234    3197
CQUAD4      3341       1    3212    3232    3180    3162
CQUAD4      3342       1    3171    3201    3227    3187
CQUAD4      3343       1    3167    3195    3226    3199
CQUAD4      3344       1    3159    3197    3237    3202
CQUAD4      3345       1    3169    3199    3229    3201
CQUAD4      3346       1    3165    3205    3238    3191
CQUAD4      3347       1    3253    3177    3146    3220
CQUAD4      3348       1    3202    3241    3204    3164
CQUAD4      3349       1    3206    3176    3203    3235
CQUAD4      3350       1    3170    3204    3245    3208
CQUAD4      3351       1    3239    3209    3179    3206
CQUAD4      3352       1    3172    3224    3244    3196
CQUAD4      3353       1    3210    3182    3209    3242
CQUAD4      3354       1    3261    3190    3160    3230
CTRIA3      3355       1    3210    3233    3189
CQUAD4      3356       1    3174    3208    3246    3211
CQUAD4      3357       1    3173    3216    3250    3205
CQUAD4      3358       1    3258    3200    3166    3225
CQUAD4      3359       1     215     216    3184    3213
CQUAD4      3360       1    3211    3251    3215    3175
CQUAD4      3361       1    3264    3198    3168    3231
CQUAD4      3362       1    3180    3232    3247    3203
CQUAD4      3363       1    3273    3186    3157    3240
CQUAD4      3364       1    3243    3213    3185    3217
CQUAD4      3365       1    3178    3214    3265    3216
CQUAD4      3366       1     187     188    3248    3219
CQUAD4      3367       1    3183    3223    3255    3214
CQUAD4      3368       1    3224    3181    3215    3256
CQUAD4      3369       1      48      49    3290    3221
CQUAD4      3370       1    3192    3219    3252    3222
CQUAD4      3371       1    3217    3189    3233    3249
CQUAD4      3372       1    3195    3222    3254    3226
CQUAD4      3373       1    3187    3227    3263    3228
CQUAD4      3374       1    3191    3238    3267    3212
CQUAD4      3375       1    3199    3226    3257    3229
CQUAD4      3376       1    3201    3229    3259    3227
CQUAD4      3377       1    3228    3266    3234    3193
CQUAD4      3378       1    3188    3236    3272    3223
CQUAD4      3379       1    3288    3207    3177    3253
CQUAD4      3380       1    3221    3283    3236    3194
CQUAD4      3381       1    3197    3234    3269    3237
CQUAD4      3382       1    3260    3233    3210    3242
CQUAD4      3383       1    3239    3206    3235    3270
CQUAD4      3384       1    3281    3225    3196    3244
CQUAD4      3385       1    3262    3242    3209    3239
CQUAD4      3386       1    3235    3203    3247    3268
CQUAD4      3387       1    3202    3237    3274    3241
CQUAD4      3388       1     214     215    3213    3243
CQUAD4      3389       1    3297    3220    3190    3261
CQUAD4      3390       1    3204    3241    3280    3245
CQUAD4      3391       1    3250    3278    3238    3205
CQUAD4      3392       1    3295    3231    3200    3258
CTRIA3      3393       1    3265    3214    3255
CQUAD4      3394       1    3271    3243    3217    3249
CQUAD4      3395       1    3299    3230    3198    3264
CQUAD4      3396       1     188     189    3275    3248
CQUAD4      3397       1    3208    3245    3286    3246
CQUAD4      3398       1    3310    3218    3186    3273
CQUAD4      3399       1    3282    3232    3212    3267
CQUAD4      3400       1    3211    3246    3289    3251
CQUAD4      3401       1    3219    3248    3279    3252
CTRIA3      3402       1    3224    3285    3244
CQUAD4      3403       1    3215    3251    3291    3256
CQUAD4      3404       1    3222    3252    3284    3254
CQUAD4      3405       1    3277    3249    3233    3260
CQUAD4      3406       1    3226    3254    3287    3257
CTRIA3      3407       1    3235    3268    3270
CQUAD4      3408       1    3216    3265    3302    3250
CQUAD4      3409       1    3229    3257    3292    3259
CTRIA3      3410       1    3242    3262    3276
CQUAD4      3411       1    3227    3259    3296    3263
CQUAD4      3412       1    3298    3247    3232    3282
CQUAD4      3413       1    3228    3263    3301    3266
CQUAD4      3414       1    3322    3240    3207    3288
CQUAD4      3415       1    3255    3223    3272    3307
CQUAD4      3416       1    3270    3294    3262    3239
CQUAD4      3417       1    3293    3260    3242    3276
CQUAD4      3418       1    3234    3266    3305    3269
CQUAD4      3419       1    3285    3224    3256    3314
CQUAD4      3420       1     213     214    3243    3271
CQUAD4      3421       1    3318    3258    3225    3281
CQUAD4      3422       1    3278    3304    3267    3238
CQUAD4      3423       1    3237    3269    3312    3274
CQUAD4      3424       1    3332    3253    3220    3297
CQUAD4      3425       1     189     190    3303    3275
CQUAD4      3426       1    3277    3300    3271    3249
CQUAD4      3427       1    3329    3264    3231    3295
CQUAD4      3428       1    3241    3274    3316    3280
CQUAD4      3429       1    3248    3275    3311    3279
CQUAD4      3430       1    3334    3261    3230    3299
CQUAD4      3431       1    3236    3283    3333    3272
CQUAD4      3432       1    3309    3268    3247    3298
CQUAD4      3433       1     142     143    3218    3310
CQUAD4      3434       1    3252    3279    3313    3284
CQUAD4      3435       1    3245    3280    3323    3286
CQUAD4      3436       1    3306    3277    3260    3293
CQUAD4      3437       1    3276    3262    3294    3308
CQUAD4      3438       1    3254    3284    3315    3287
CQUAD4      3439       1    3221    3290    3352    3283
CTRIA3      3440       1    3291    3314    3256
CQUAD4      3441       1    3246    3286    3327    3289
CQUAD4      3442       1    3285    3340    3281    3244
CQUAD4      3443       1    3251    3289    3325    3291
CQUAD4      3444       1    3257    3287    3319    3292
CQUAD4      3445       1    3307    3326    3265    3255
CQUAD4      3446       1    3250    3302    3330    3278
CQUAD4      3447       1      49      50    3356    3290
CQUAD4      3448       1    3259    3292    3321    3296
CQUAD4      3449       1    3317    3270    3268    3309
CQUAD4      3450       1    3271    3300     257     213
CQUAD4      3451       1    3263    3296    3337    3301
CQUAD4      3452       1    3360    3273    3240    3322
CTRIA3      3453       1    3304    3328    3267
CQUAD4      3454       1    3320    3293    3276    3308
CQUAD4      3455       1    3317    3331    3294    3270
CQUAD4      3456       1    3324    3300    3277    3306
CQUAD4      3457       1    3338    3282    3267    3328
CQUAD4      3458       1    3266    3301    3342    3305
CQUAD4      3459       1     190     191    3335    3303
CQUAD4      3460       1    3355    3295    3258    3318
CQUAD4      3461       1    3275    3303    3339    3311
CQUAD4      3462       1    3269    3305    3345    3312
CQUAD4      3463       1    3369    3288    3253    3332
CQUAD4      3464       1    3279    3311    3343    3313
CQUAD4      3465       1    3363    3299    3264    3329
CTRIA3      3466       1    3300     256     257
CQUAD4      3467       1    3336    3306    3293    3320
CQUAD4      3468       1    3274    3312    3353    3316
CQUAD4      3469       1    3371    3297    3261    3334
CQUAD4      3470       1    3344    3298    3282    3338
CQUAD4      3471       1    3284    3313    3346    3315
CQUAD4      3472       1    3265    3326    3370    3302
CQUAD4      3473       1    3278    3330    3348    3304
CQUAD4      3474       1    3294    3331    3341    3308
CQUAD4      3475       1    3287    3315    3349    3319
CQUAD4      3476       1    3280    3316    3359    3323
CQUAD4      3477       1    3292    3319    3351    3321
CQUAD4      3478       1    3291    3325    3357    3314
CQUAD4      3479       1     255     256    3300    3324
CQUAD4      3480       1    3272    3333    3385    3307
CQUAD4      3481       1    3286    3323    3367    3327
CQUAD4      3482       1    3354    3309    3298    3344
CQUAD4      3483       1    3364    3340    3285    3314
CQUAD4      3484       1    3289    3327    3366    3325
CQUAD4      3485       1    3347    3324    3306    3336
CQUAD4      3486       1    3318    3281    3340    3378
CQUAD4      3487       1    3350    3320    3308    3341
CQUAD4      3488       1    3337    3296    3321    3374
CQUAD4      3489       1     191     192    3362    3335
CQUAD4      3490       1    3358    3317    3309    3354
CQUAD4      3491       1    3397    3310    3273    3360
CQUAD4      3492       1    3303    3335    3365    3339
CQUAD4      3493       1    3301    3337    3377    3342
CQUAD4      3494       1    3311    3339    3373    3343
CQUAD4      3495       1    3361    3336    3320    3350
CQUAD4      3496       1    3392    3329    3295    3355
CQUAD4      3497       1    3304    3348    3387    3328
CQUAD4      3498       1    3305    3342    3380    3345
CQUAD4      3499       1    3368    3331    3317    3358
CQUAD4      3500       1     254     255    3324    3347
CQUAD4      3501       1    3313    3343    3376    3346
CQUAD4      3502       1    3283    3352    3419    3333
CQUAD4      3503       1    3330    3302    3370    3383
CQUAD4      3504       1    3406    3322    3288    3369
CTRIA3      3505       1    3321    3351    3374
CQUAD4      3506       1    3312    3345    3384    3353
CQUAD4      3507       1    3315    3346    3381    3349
CQUAD4      3508       1    3400    3334    3299    3363
CQUAD4      3509       1    3408    3332    3297    3371
CQUAD4      3510       1    3319    3349    3382    3351
CQUAD4      3511       1    3385    3388    3326    3307
CQUAD4      3512       1    3372    3347    3336    3361
CQUAD4      3513       1    3375    3341    3331    3368
CQUAD4      3514       1    3290    3356    3423    3352
CQUAD4      3515       1    3316    3353    3394    3359
CTRIA3      3516       1    3326    3388    3370
CQUAD4      3517       1    3391    3338    3328    3387
CQUAD4      3518       1     192     193    3389    3362
CQUAD4      3519       1    3379    3350    3341    3375
CQUAD4      3520       1      50      51    3429    3356
CQUAD4      3521       1    3325    3366    3401    3357
CQUAD4      3522       1    3416    3364    3314    3357
CQUAD4      3523       1    3323    3359    3405    3367
CQUAD4      3524       1     253     254    3347    3372
CQUAD4      3525       1    3335    3362    3393    3365
CQUAD4      3526       1    3348    3330    3383    3399
CQUAD4      3527       1    3421    3355    3318    3378
CQUAD4      3528       1    3327    3367    3411    3366
CQUAD4      3529       1    3395    3344    3338    3391
CQUAD4      3530       1    3339    3365    3396    3373
CQUAD4      3531       1    3386    3361    3350    3379
CTRIA3      3532       1    3364    3407    3340
CQUAD4      3533       1     141     142    3310    3397
CQUAD4      3534       1    3343    3373    3403    3376
CQUAD4      3535       1    3398    3354    3344    3395
CQUAD4      3536       1    3374    3414    3377    3337
CQUAD4      3537       1    3390    3372    3361    3386
CTRIA3      3538       1    3385    3333    3419
CQUAD4      3539       1    3342    3377    3420    3380
CTRIA3      3540       1    3348    3399    3387
CQUAD4      3541       1    3402    3358    3354    3398
CQUAD4      3542       1    3346    3376    3412    3381
CQUAD4      3543       1    3430    3363    3329    3392
CQUAD4      3544       1    3382    3415    3374    3351
CQUAD4      3545       1    3349    3381    3417    3382
CQUAD4      3546       1    3345    3380    3422    3384
CQUAD4      3547       1    3404    3368    3358    3402
CQUAD4      3548       1    3443    3360    3322    3406
CQUAD4      3549       1     252     253    3372    3390
CQUAD4      3550       1    3437    3371    3334    3400
CQUAD4      3551       1    3444    3369    3332    3408
CQUAD4      3552       1    3409    3375    3368    3404
CQUAD4      3553       1    3353    3384    3426    3394
CQUAD4      3554       1     193     194    3424    3389
CQUAD4      3555       1    3433    3378    3340    3407
CTRIA3      3556       1    3357    3401    3416
CQUAD4      3557       1    3362    3389    3425    3393
CQUAD4      3558       1    3410    3379    3375    3409
CQUAD4      3559       1    3365    3393    3427    3396
CQUAD4      3560       1    3413    3386    3379    3410
CQUAD4      3561       1    3373    3396    3428    3403
CQUAD4      3562       1    3359    3394    3440    3405
CQUAD4      3563       1    3418    3390    3386    3413
CQUAD4      3564       1    3462    3392    3355    3421
CQUAD4      3565       1     251     252    3390    3418
CQUAD4      3566       1    3434    3383    3370    3431
CQUAD4      3567       1    3376    3403    3439    3412
CQUAD4      3568       1    3367    3405    3453    3411
CQUAD4      3569       1    3366    3411    3463    3401
CQUAD4      3570       1    3388    3447    3431    3370
CQUAD4      3571       1    3461    3407    3364    3416
CQUAD4      3572       1    3374    3415    3452    3414
CQUAD4      3573       1    3381    3412    3446    3417
CQUAD4      3574       1    3420    3377    3414    3455
CQUAD4      3575       1    3382    3417    3450    3415
CQUAD4      3576       1    3469    3400    3363    3430
CQUAD4      3577       1    3352    3423    3480    3419
CQUAD4      3578       1    3380    3420    3458    3422
CQUAD4      3579       1     194     195    3449    3424
CQUAD4      3580       1    3384    3422    3460    3426
CQUAD4      3581       1    3385    3465    3447    3388
CQUAD4      3582       1    3451    3391    3387    3457
CQUAD4      3583       1    3383    3434    3466    3399
CQUAD4      3584       1    3389    3424    3454    3425
CQUAD4      3585       1    3448    3395    3391    3451
CQUAD4      3586       1    3485    3397    3360    3443
CQUAD4      3587       1    3445    3398    3395    3448
CQUAD4      3588       1    3442    3402    3398    3445
CQUAD4      3589       1    3441    3404    3402    3442
CQUAD4      3590       1    3356    3429    3489    3423
CQUAD4      3591       1    3438    3409    3404    3441
CQUAD4      3592       1    3478    3408    3371    3437
CQUAD4      3593       1    3393    3425    3456    3427
CQUAD4      3594       1    3436    3410    3409    3438
CQUAD4      3595       1    3435    3413    3410    3436
CQUAD4      3596       1    3399    3466    3457    3387
CQUAD4      3597       1    3487    3406    3369    3444
CQUAD4      3598       1    3396    3427    3459    3428
CQUAD4      3599       1    3432    3418    3413    3435
CQUAD4      3600       1     250     251    3418    3432
CQUAD4      3601       1    3473    3421    3378    3433
CQUAD4      3602       1      51      52    3502    3429
CQUAD4      3603       1    3394    3426    3474    3440
CQUAD4      3604       1    3463    3470    3416    3401
CQUAD4      3605       1    3403    3428    3471    3439
CQUAD4      3606       1    3385    3419    3498    3465
CQUAD4      3607       1    3499    3430    3392    3462
CQUAD4      3608       1    3412    3439    3476    3446
CQUAD4      3609       1     195     196    3475    3449
CQUAD4      3610       1    3405    3440    3491    3453
CQUAD4      3611       1    3497    3433    3407    3461
CQUAD4      3612       1    3417    3446    3481    3450
CQUAD4      3613       1     249     250    3432    3464
CQUAD4      3614       1    3415    3450    3488    3452
CQUAD4      3615       1    3424    3449    3479    3454
CQUAD4      3616       1    3464    3432    3435    3467
CQUAD4      3617       1    3414    3452    3490    3455
CTRIA3      3618       1    3428    3459    3471
CTRIA3      3619       1    3426    3460    3474
CQUAD4      3620       1    3425    3454    3482    3456
CQUAD4      3621       1    3467    3435    3436    3468
CQUAD4      3622       1    3458    3420    3455    3494
CQUAD4      3623       1    3427    3456    3484    3459
CQUAD4      3624       1    3411    3453    3504    3463
CQUAD4      3625       1    3422    3458    3493    3460
CQUAD4      3626       1    3511    3437    3400    3469
CQUAD4      3627       1    3468    3436    3438    3472
CQUAD4      3628       1    3472    3438    3441    3477
CQUAD4      3629       1    3461    3416    3470    3506
CQUAD4      3630       1     140     141    3397    3485
CQUAD4      3631       1    3477    3441    3442    3486
CQUAD4      3632       1    3524    3444    3408    3478
CTRIA3      3633       1    3434    3495    3466
CQUAD4      3634       1    3532    3443    3406    3487
CQUAD4      3635       1    3431    3500    3495    3434
CQUAD4      3636       1    3520    3462    3421    3473
CQUAD4      3637       1    3486    3442    3445    3496
CQUAD4      3638       1     248     249    3464    3483
CQUAD4      3639       1    3496    3445    3448    3503
CQUAD4      3640       1    3447    3507    3500    3431
CQUAD4      3641       1    3483    3464    3467    3492
CQUAD4      3642       1     196     197    3510    3475
CQUAD4      3643       1    3476    3439    3471    3513
CQUAD4      3644       1    3503    3448    3451    3509
CQUAD4      3645       1    3449    3475    3512    3479
CTRIA3      3646       1    3463    3515    3470
CQUAD4      3647       1    3446    3476    3517    3481
CQUAD4      3648       1    3492    3467    3468    3501
CQUAD4      3649       1    3459    3484    3514    3471
CQUAD4      3650       1    3509    3451    3457    3522
CQUAD4      3651       1    3454    3479    3516    3482
CQUAD4      3652       1    3537    3469    3430    3499
CQUAD4      3653       1    3491    3440    3474    3525
CQUAD4      3654       1    3456    3482    3518    3484
CQUAD4      3655       1    3419    3480    3548    3498
CQUAD4      3656       1    3423    3489    3552    3480
CQUAD4      3657       1    3450    3481    3523    3488
CQUAD4      3658       1    3536    3473    3433    3497
CQUAD4      3659       1    3507    3447    3465    3527
CQUAD4      3660       1    3460    3493    3526    3474
CQUAD4      3661       1    3501    3468    3472    3508
CQUAD4      3662       1    3452    3488    3530    3490
CQUAD4      3663       1    3455    3490    3533    3494
CQUAD4      3664       1     247     248    3483    3505
CQUAD4      3665       1    3466    3535    3522    3457
CQUAD4      3666       1    3458    3494    3534    3493
CQUAD4      3667       1    3429    3502    3563    3489
CQUAD4      3668       1    3508    3472    3477    3521
CQUAD4      3669       1    3559    3478    3437    3511
CQUAD4      3670       1    3453    3491    3544    3504
CQUAD4      3671       1    3505    3483    3492    3519
CQUAD4      3672       1    3550    3497    3461    3506
CQUAD4      3673       1    3521    3477    3486    3531
CQUAD4      3674       1    3571    3487    3444    3524
CQUAD4      3675       1     197     198    3539    3510
CQUAD4      3676       1      52      53    3579    3502
CQUAD4      3677       1    3557    3515    3463    3504
CQUAD4      3678       1    3564    3499    3462    3520
CQUAD4      3679       1    3580    3485    3443    3532
CQUAD4      3680       1    3519    3492    3501    3529
CQUAD4      3681       1    3475    3510    3542    3512
CQUAD4      3682       1    3495    3555    3535    3466
CQUAD4      3683       1    3465    3498    3562    3527
CQUAD4      3684       1    3531    3486    3496    3538
CQUAD4      3685       1    3514    3547    3513    3471
CQUAD4      3686       1    3561    3506    3470    3515
CQUAD4      3687       1     246     247    3505    3528
CQUAD4      3688       1    3479    3512    3543    3516
CQUAD4      3689       1    3476    3513    3549    3517
CQUAD4      3690       1    3482    3516    3546    3518
CQUAD4      3691       1    3484    3518    3551    3514
CQUAD4      3692       1    3481    3517    3553    3523
CQUAD4      3693       1    3529    3501    3508    3540
CQUAD4      3694       1    3538    3496    3503    3554
CQUAD4      3695       1    3528    3505    3519    3541
CTRIA3      3696       1    3507    3567    3500
CQUAD4      3697       1    3525    3474    3526    3566
CQUAD4      3698       1    3588    3511    3469    3537
CQUAD4      3699       1    3488    3523    3570    3530
CQUAD4      3700       1    3500    3567    3555    3495
CQUAD4      3701       1    3583    3520    3473    3536
CQUAD4      3702       1    3493    3534    3572    3526
CQUAD4      3703       1    3490    3530    3573    3533
CQUAD4      3704       1    3540    3508    3521    3558
CQUAD4      3705       1    3494    3533    3575    3534
CQUAD4      3706       1     245     246    3528    3545
CQUAD4      3707       1    3554    3503    3509    3568
CQUAD4      3708       1     199    3556    3539     198
CQUAD4      3709       1    3541    3519    3529    3560
CQUAD4      3710       1    3491    3525    3596    3544
CQUAD4      3711       1    3603    3524    3478    3559
CQUAD4      3712       1    3510    3539    3576    3542
CQUAD4      3713       1    3598    3536    3497    3550
CQUAD4      3714       1    3558    3521    3531    3574
CQUAD4      3715       1    3568    3509    3522    3585
CQUAD4      3716       1    3512    3542    3581    3543
CQUAD4      3717       1    3528    3541    3565    3545
CQUAD4      3718       1    3516    3543    3584    3546
CQUAD4      3719       1    3513    3547    3592    3549
CQUAD4      3720       1    3480    3552    3624    3548
CQUAD4      3721       1    3514    3551    3591    3547
CQUAD4      3722       1    3625    3532    3487    3571
CQUAD4      3723       1    3518    3546    3589    3551
CQUAD4      3724       1     244     245    3545    3569
CQUAD4      3725       1    3560    3529    3540    3578
CQUAD4      3726       1    3517    3549    3590    3553
CQUAD4      3727       1    3614    3537    3499    3564
CQUAD4      3728       1    3602    3557    3504    3544
CQUAD4      3729       1    3527    3605    3567    3507
CQUAD4      3730       1     200    3577    3556     199
CQUAD4      3731       1     139     140    3485    3580
CQUAD4      3732       1    3562    3498    3548    3619
CQUAD4      3733       1    3604    3550    3506    3561
CQUAD4      3734       1    3489    3563    3635    3552
CQUAD4      3735       1    3574    3531    3538    3594
CTRIA3      3736       1    3539    3556    3582
CQUAD4      3737       1    3608    3561    3515    3557
CQUAD4      3738       1    3601    3585    3522    3535
CTRIA3      3739       1     200     201    3577
CTRIA3      3740       1    3596    3525    3566
CQUAD4      3741       1    3565    3541    3560    3586
CQUAD4      3742       1    3523    3553    3611    3570
CTRIA3      3743       1    3527    3562    3605
CQUAD4      3744       1    3578    3540    3558    3595
CQUAD4      3745       1     212     244    3569    3587
CQUAD4      3746       1    3593    3569    3545    3565
CQUAD4      3747       1    3502    3579    3651    3563
CQUAD4      3748       1    3526    3572    3617    3566
CQUAD4      3749       1    3530    3570    3618    3573
CQUAD4      3750       1    3645    3559    3511    3588
CQUAD4      3751       1    3639    3564    3520    3583
CQUAD4      3752       1    3594    3538    3554    3610
CQUAD4      3753       1    3534    3575    3623    3572
CQUAD4      3754       1    3533    3573    3622    3575
CQUAD4      3755       1    3576    3539    3582    3607
CQUAD4      3756       1    3542    3576    3612    3581
CQUAD4      3757       1     201     202    3597    3577
CQUAD4      3758       1    3556    3577    3600    3582
CQUAD4      3759       1    3535    3555    3632    3601
CQUAD4      3760       1    3543    3581    3620    3584
CQUAD4      3761       1    3586    3560    3578    3606
CQUAD4      3762       1     211     212    3587    3599
CTRIA3      3763       1    3553    3590    3611
CQUAD4      3764       1      53      54    3664    3579
CQUAD4      3765       1    3546    3584    3627    3589
CQUAD4      3766       1    3595    3558    3574    3621
CQUAD4      3767       1    3551    3589    3630    3591
CQUAD4      3768       1    3549    3592    3633    3590
CQUAD4      3769       1    3593    3565    3586    3615
CQUAD4      3770       1    3587    3569    3593    3609
CQUAD4      3771       1    3547    3591    3634    3592
CQUAD4      3772       1    3662    3571    3524    3603
CQUAD4      3773       1    3610    3554    3568    3638
CQUAD4      3774       1    3653    3583    3536    3598
CQUAD4      3775       1     202     203    3613    3597
CQUAD4      3776       1     210     211    3599    3616
CQUAD4      3777       1    3567    3652    3632    3555
CQUAD4      3778       1    3688    3580    3532    3625
CQUAD4      3779       1    3674    3588    3537    3614
CQUAD4      3780       1    3577    3597    3629    3600
CQUAD4      3781       1    3660    3602    3544    3596
CQUAD4      3782       1    3578    3595    3641    3606
CQUAD4      3783       1    3663    3598    3550    3604
CQUAD4      3784       1     203     204    3626    3613
CQUAD4      3785       1    3621    3574    3594    3648
CQUAD4      3786       1    3599    3587    3609    3631
CQUAD4      3787       1    3643    3607    3582    3600
CQUAD4      3788       1     209     210    3616    3628
CQUAD4      3789       1    3669    3608    3557    3602
CQUAD4      3790       1    3638    3568    3585    3655
CQUAD4      3791       1    3612    3576    3607    3650
CQUAD4      3792       1    3672    3604    3561    3608
CQUAD4      3793       1    3617    3667    3596    3566
CQUAD4      3794       1    3615    3586    3606    3646
CQUAD4      3795       1    3609    3593    3615    3644
CQUAD4      3796       1     204     205    3636    3626
CQUAD4      3797       1     208     209    3628    3637
CQUAD4      3798       1    3581    3612    3654    3620
CQUAD4      3799       1    3618    3570    3611    3670
CQUAD4      3800       1    3619    3690    3605    3562
CQUAD4      3801       1     205     206    3640    3636
CQUAD4      3802       1    3573    3618    3675    3622
CQUAD4      3803       1    3548    3624    3696    3619
CQUAD4      3804       1    3597    3613    3647    3629
CQUAD4      3805       1    3572    3623    3678    3617
CQUAD4      3806       1     207     208    3637    3642
CQUAD4      3807       1    3575    3622    3677    3623
CQUAD4      3808       1     206     207    3642    3640
CQUAD4      3809       1    3584    3620    3661    3627
CQUAD4      3810       1    3616    3599    3631    3649
CQUAD4      3811       1    3699    3603    3559    3645
CQUAD4      3812       1    3693    3614    3564    3639
CQUAD4      3813       1    3590    3633    3679    3611
CQUAD4      3814       1    3552    3635    3705    3624
CQUAD4      3815       1    3589    3627    3676    3630
CQUAD4      3816       1    3567    3605    3691    3652
CQUAD4      3817       1    3595    3621    3668    3641
CQUAD4      3818       1    3648    3594    3610    3681
CQUAD4      3819       1    3591    3630    3683    3634
CQUAD4      3820       1    3592    3634    3685    3633
CQUAD4      3821       1    3655    3585    3601    3689
CQUAD4      3822       1    3600    3629    3658    3643
CQUAD4      3823       1    3613    3626    3656    3647
CQUAD4      3824       1    3631    3609    3644    3659
CQUAD4      3825       1    3628    3616    3649    3657
CQUAD4      3826       1    3563    3651    3718    3635
CQUAD4      3827       1    3646    3606    3641    3682
CQUAD4      3828       1    3644    3615    3646    3680
CQUAD4      3829       1    3650    3607    3643    3684
CQUAD4      3830       1    3726    3625    3571    3662
CQUAD4      3831       1    3626    3636    3665    3656
CQUAD4      3832       1    3711    3639    3583    3653
CQUAD4      3833       1    3637    3628    3657    3666
CQUAD4      3834       1    3636    3640    3671    3665
CQUAD4      3835       1    3612    3650    3692    3654
CQUAD4      3836       1    3642    3637    3666    3673
CQUAD4      3837       1    3629    3647    3686    3658
CQUAD4      3838       1    3640    3642    3673    3671
CQUAD4      3839       1    3649    3631    3659    3687
CQUAD4      3840       1    3681    3610    3638    3702
CQUAD4      3841       1    3579    3664    3738    3651
CQUAD4      3842       1    3731    3645    3588    3674
CQUAD4      3843       1     138     139    3580    3688
CQUAD4      3844       1    3621    3648    3698    3668
CQUAD4      3845       1    3601    3632    3714    3689
CQUAD4      3846       1    3724    3653    3598    3663
CQUAD4      3847       1    3620    3654    3700    3661
CQUAD4      3848       1    3727    3660    3596    3667
CQUAD4      3849       1    3729    3669    3602    3660
CQUAD4      3850       1    3627    3661    3709    3676
CQUAD4      3851       1    3732    3663    3604    3672
CQUAD4      3852       1    3644    3680    3697    3659
CQUAD4      3853       1    3647    3656    3694    3686
CQUAD4      3854       1    3643    3658    3701    3684
CQUAD4      3855       1    3679    3720    3670    3611
CQUAD4      3856       1    3675    3618    3670    3717
CQUAD4      3857       1    3657    3649    3687    3695
CQUAD4      3858       1    3733    3672    3608    3669
CQUAD4      3859       1    3617    3678    3725    3667
CQUAD4      3860       1    3622    3675    3719    3677
CQUAD4      3861       1    3623    3677    3722    3678
CQUAD4      3862       1    3682    3641    3668    3710
CQUAD4      3863       1    3630    3676    3712    3683
CQUAD4      3864       1      54      55    3751    3664
CQUAD4      3865       1    3680    3646    3682    3708
CQUAD4      3866       1    3633    3685    3723    3679
CQUAD4      3867       1    3634    3683    3721    3685
CQUAD4      3868       1    3702    3638    3655    3728
CQUAD4      3869       1    3656    3665    3703    3694
CQUAD4      3870       1    3666    3657    3695    3704
CQUAD4      3871       1    3690    3743    3691    3605
CQUAD4      3872       1    3652    3730    3714    3632
CQUAD4      3873       1    3749    3674    3614    3693
CQUAD4      3874       1    3650    3684    3713    3692
CQUAD4      3875       1    3753    3662    3603    3699
CQUAD4      3876       1    3665    3671    3706    3703
CQUAD4      3877       1    3673    3666    3704    3707
CQUAD4      3878       1    3671    3673    3707    3706
CQUAD4      3879       1    3698    3648    3681    3737
CQUAD4      3880       1    3697    3715    3687    3659
CQUAD4      3881       1    3658    3686    3716    3701
CQUAD4      3882       1    3619    3696    3757    3690
CQUAD4      3883       1    3654    3692    3734    3700
CQUAD4      3884       1    3624    3705    3767    3696
CQUAD4      3885       1    3762    3693    3639    3711
CQUAD4      3886       1    3775    3688    3625    3726
CQUAD4      3887       1    3728    3655    3689    3750
CQUAD4      3888       1    3680    3708    3739    3697
CQUAD4      3889       1    3661    3700    3744    3709
CQUAD4      3890       1    3710    3668    3698    3745
CQUAD4      3891       1    3686    3694    3735    3716
CQUAD4      3892       1    3736    3695    3687    3715
CQUAD4      3893       1    3684    3701    3740    3713
CQUAD4      3894       1    3652    3691    3765    3730
CQUAD4      3895       1    3708    3682    3710    3746
CQUAD4      3896       1    3635    3718    3789    3705
CQUAD4      3897       1    3676    3709    3752    3712
CQUAD4      3898       1    3780    3699    3645    3731
CQUAD4      3899       1    3773    3711    3653    3724
CQUAD4      3900       1    3694    3703    3741    3735
CQUAD4      3901       1    3704    3695    3736    3742
CQUAD4      3902       1    3683    3712    3758    3721
CQUAD4      3903       1    3719    3675    3717    3760
CQUAD4      3904       1    3720    3764    3717    3670
CQUAD4      3905       1    3677    3719    3761    3722
CQUAD4      3906       1    3679    3723    3763    3720
CQUAD4      3907       1    3737    3681    3702    3768
CQUAD4      3908       1    3685    3721    3759    3723
CQUAD4      3909       1    3678    3722    3766    3725
CQUAD4      3910       1    3771    3727    3667    3725
CQUAD4      3911       1    3776    3729    3660    3727
CQUAD4      3912       1    3703    3706    3747    3741
CQUAD4      3913       1    3707    3704    3742    3748
CQUAD4      3914       1    3692    3713    3756    3734
CQUAD4      3915       1    3781    3724    3663    3732
CQUAD4      3916       1    3706    3707    3748    3747
CQUAD4      3917       1    3779    3733    3669    3729
CQUAD4      3918       1    3651    3738    3794    3718
CQUAD4      3919       1    3715    3697    3739    3754
CQUAD4      3920       1    3787    3732    3672    3733
CQUAD4      3921       1    3701    3716    3755    3740
CTRIA3      3922       1    3691    3743    3765
CQUAD4      3923       1    3750    3689    3714    3784
CQUAD4      3924       1    3700    3734    3772    3744
CQUAD4      3925       1    3797    3731    3674    3749
CQUAD4      3926       1    3803    3726    3662    3753
CQUAD4      3927       1    3745    3698    3737    3786
CTRIA3      3928       1    3778    3714    3730
CQUAD4      3929       1    3739    3708    3746    3774
CQUAD4      3930       1    3664    3751    3807    3738
CQUAD4      3931       1    3768    3702    3728    3777
CQUAD4      3932       1    3770    3736    3715    3754
CQUAD4      3933       1    3716    3735    3769    3755
CQUAD4      3934       1    3746    3710    3745    3788
CQUAD4      3935       1    3709    3744    3792    3752
CQUAD4      3936       1    3713    3740    3783    3756
CQUAD4      3937       1    3690    3757    3814    3743
CQUAD4      3938       1    3712    3752    3793    3758
CQUAD4      3939       1    3811    3749    3693    3762
CQUAD4      3940       1    3735    3741    3782    3769
CQUAD4      3941       1    3742    3736    3770    3785
CQUAD4      3942       1     137     138    3688    3775
CQUAD4      3943       1      55      56    3829    3751
CQUAD4      3944       1    3721    3758    3800    3759
CQUAD4      3945       1    3719    3760    3799    3761
CQUAD4      3946       1    3777    3728    3750    3801
CQUAD4      3947       1    3741    3747    3790    3782
CQUAD4      3948       1    3748    3742    3785    3791
CQUAD4      3949       1    3723    3759    3802    3763
CQUAD4      3950       1    3696    3767    3830    3757
CQUAD4      3951       1    3764    3806    3760    3717
CQUAD4      3952       1    3720    3763    3805    3764
CQUAD4      3953       1    3747    3748    3791    3790
CQUAD4      3954       1    3766    3722    3761    3804
CQUAD4      3955       1    3734    3756    3798    3772
CQUAD4      3956       1    3796    3754    3739    3774
CQUAD4      3957       1    3834    3753    3699    3780
CQUAD4      3958       1    3824    3762    3711    3773
CQUAD4      3959       1    3740    3755    3795    3783
CQUAD4      3960       1    3812    3771    3725    3766
CQUAD4      3961       1    3730    3765    3816    3778
CQUAD4      3962       1    3821    3776    3727    3771
CQUAD4      3963       1    3778    3818    3784    3714
CQUAD4      3964       1    3705    3789    3838    3767
CQUAD4      3965       1    3786    3737    3768    3817
CQUAD4      3966       1    3833    3773    3724    3781
CQUAD4      3967       1    3828    3779    3729    3776
CQUAD4      3968       1    3774    3746    3788    3810
CQUAD4      3969       1    3744    3772    3813    3792
CQUAD4      3970       1    3835    3787    3733    3779
CQUAD4      3971       1    3836    3781    3732    3787
CQUAD4      3972       1    3788    3745    3786    3815
CQUAD4      3973       1    3755    3769    3808    3795
CQUAD4      3974       1    3770    3754    3796    3809
CQUAD4      3975       1    3718    3794    3850    3789
CTRIA3      3976       1    3777    3819    3768
CQUAD4      3977       1    3743    3814    3832    3765
CQUAD4      3978       1    3752    3792    3827    3793
CQUAD4      3979       1    3750    3784    3831    3801
CQUAD4      3980       1    3847    3780    3731    3797
CQUAD4      3981       1    3783    3822    3798    3756
CQUAD4      3982       1    3854    3775    3726    3803
CQUAD4      3983       1    3769    3782    3820    3808
CQUAD4      3984       1    3785    3770    3809    3823
CQUAD4      3985       1    3758    3793    3837    3800
CQUAD4      3986       1    3761    3799    3839    3804
CQUAD4      3987       1    3759    3800    3842    3802
CQUAD4      3988       1    3782    3790    3825    3820
CQUAD4      3989       1    3791    3785    3823    3826
CQUAD4      3990       1    3738    3807    3867    3794
CQUAD4      3991       1    3790    3791    3826    3825
CQUAD4      3992       1    3763    3802    3844    3805
CQUAD4      3993       1    3760    3806    3851    3799
CQUAD4      3994       1    3861    3797    3749    3811
CQUAD4      3995       1    3772    3798    3841    3813
CQUAD4      3996       1    3764    3805    3846    3806
CQUAD4      3997       1    3810    3843    3796    3774
CQUAD4      3998       1    3849    3812    3766    3804
CQUAD4      3999       1    3783    3795    3840    3822
CQUAD4      4000       1    3777    3801    3845    3819
CQUAD4      4001       1    3810    3788    3815    3848
CQUAD4      4002       1    3859    3821    3771    3812
CQUAD4      4003       1    3877    3803    3753    3834
CQUAD4      4004       1    3751    3829    3885    3807
CQUAD4      4005       1    3871    3811    3762    3824
CQUAD4      4006       1    3815    3786    3817    3856
CQUAD4      4007       1    3817    3768    3819    3864
CQUAD4      4008       1    3816    3858    3818    3778
CQUAD4      4009       1    3792    3813    3853    3827
CQUAD4      4010       1    3757    3830    3879    3814
CQUAD4      4011       1    3765    3832    3866    3816
CQUAD4      4012       1    3784    3818    3857    3831
CQUAD4      4013       1    3870    3828    3776    3821
CQUAD4      4014       1    3795    3808    3852    3840
CQUAD4      4015       1    3875    3824    3773    3833
CQUAD4      4016       1    3873    3835    3779    3828
CQUAD4      4017       1    3809    3796    3843    3855
CTRIA3      4018       1    3851    3839    3799
CQUAD4      4019       1    3793    3827    3865    3837
CQUAD4      4020       1    3880    3833    3781    3836
CQUAD4      4021       1    3822    3862    3841    3798
CQUAD4      4022       1    3878    3836    3787    3835
CQUAD4      4023       1    3767    3838    3891    3830
CQUAD4      4024       1      56      57    3893    3829
CQUAD4      4025       1    3808    3820    3860    3852
CQUAD4      4026       1    3800    3837    3872    3842
CQUAD4      4027       1    3801    3831    3881    3845
CQUAD4      4028       1    3823    3809    3855    3863
CQUAD4      4029       1    3898    3834    3780    3847
CTRIA3      4030       1    3832    3814    3876
CQUAD4      4031       1     136     137    3775    3854
CQUAD4      4032       1    3802    3842    3883    3844
CQUAD4      4033       1    3820    3825    3868    3860
CQUAD4      4034       1    3882    3849    3804    3839
CQUAD4      4035       1    3789    3850    3902    3838
CQUAD4      4036       1    3826    3823    3863    3869
CQUAD4      4037       1    3810    3848    3874    3843
CQUAD4      4038       1    3825    3826    3869    3868
CQUAD4      4039       1    3805    3844    3890    3846
CQUAD4      4040       1    3813    3841    3886    3853
CQUAD4      4041       1    3806    3846    3888    3851
CQUAD4      4042       1    3822    3840    3884    3862
CQUAD4      4043       1    3848    3815    3856    3889
CQUAD4      4044       1    3864    3819    3845    3887
CTRIA3      4045       1    3881    3831    3857
CQUAD4      4046       1    3894    3859    3812    3849
CQUAD4      4047       1    3911    3847    3797    3861
CQUAD4      4048       1    3794    3867    3917    3850
CQUAD4      4049       1    3818    3858    3896    3857
CQUAD4      4050       1    3856    3817    3864    3899
CQUAD4      4051       1    3827    3853    3897    3865
CQUAD4      4052       1    3816    3866    3901    3858
CQUAD4      4053       1    3907    3870    3821    3859
CQUAD4      4054       1    3840    3852    3895    3884
CQUAD4      4055       1    3928    3854    3803    3877
CQUAD4      4056       1    3919    3861    3811    3871
CQUAD4      4057       1    3903    3882    3839    3851
CQUAD4      4058       1    3837    3865    3904    3872
CTRIA3      4059       1    3843    3874    3892
CQUAD4      4060       1    3832    3876    3909    3866
CQUAD4      4061       1    3916    3873    3828    3870
CQUAD4      4062       1    3862    3905    3886    3841
CQUAD4      4063       1    3807    3885    3932    3867
CQUAD4      4064       1    3855    3843    3892    3900
CQUAD4      4065       1    3926    3871    3824    3875
CQUAD4      4066       1    3842    3872    3913    3883
CQUAD4      4067       1    3921    3878    3835    3873
CQUAD4      4068       1    3814    3879    3935    3876
CQUAD4      4069       1    3852    3860    3906    3895
CQUAD4      4070       1    3931    3875    3833    3880
CQUAD4      4071       1    3927    3880    3836    3878
CQUAD4      4072       1    3848    3889    3914    3874
CQUAD4      4073       1    3887    3845    3881    3918
CQUAD4      4074       1    3863    3855    3900    3908
CQUAD4      4075       1    3830    3891    3938    3879
CQUAD4      4076       1    3844    3883    3920    3890
CQUAD4      4077       1    3860    3868    3910    3906
CQUAD4      4078       1    3925    3894    3849    3882
CQUAD4      4079       1    3829    3893    3946    3885
CQUAD4      4080       1    3943    3877    3834    3898
CQUAD4      4081       1    3869    3863    3908    3912
CTRIA3      4082       1    3887    3915    3864
CQUAD4      4083       1    3846    3890    3934    3888
CQUAD4      4084       1    3868    3869    3912    3910
CQUAD4      4085       1    3853    3886    3924    3897
CQUAD4      4086       1    3896    3929    3881    3857
CQUAD4      4087       1    3889    3856    3899    3922
CQUAD4      4088       1    3851    3888    3930    3903
CQUAD4      4089       1    3862    3884    3923    3905
CQUAD4      4090       1    3838    3902    3949    3891
CQUAD4      4091       1    3858    3901    3937    3896
CQUAD4      4092       1      57      58    3960    3893
CQUAD4      4093       1    3865    3897    3936    3904
CQUAD4      4094       1    3940    3907    3859    3894
CQUAD4      4095       1    3959    3898    3847    3911
CQUAD4      4096       1    3933    3892    3874    3914
CQUAD4      4097       1    3901    3866    3909    3942
CQUAD4      4098       1    3899    3864    3915    3944
CQUAD4      4099       1    3872    3904    3941    3913
CQUAD4      4100       1    3884    3895    3939    3923
CQUAD4      4101       1    3850    3917    3965    3902
CQUAD4      4102       1    3955    3916    3870    3907
CQUAD4      4103       1    3951    3925    3882    3903
CQUAD4      4104       1    3905    3948    3924    3886
CQUAD4      4105       1    3966    3911    3861    3919
CTRIA3      4106       1    3888    3934    3930
CQUAD4      4107       1     135     136    3854    3928
CQUAD4      4108       1    3883    3913    3952    3920
CQUAD4      4109       1    3915    3887    3918    3947
CQUAD4      4110       1    3900    3892    3933    3945
CQUAD4      4111       1    3876    3935    3953    3909
CQUAD4      4112       1    3963    3921    3873    3916
CQUAD4      4113       1    3929    3958    3918    3881
CQUAD4      4114       1    3889    3922    3961    3914
CQUAD4      4115       1    3895    3906    3950    3939
CQUAD4      4116       1    3974    3919    3871    3926
CQUAD4      4117       1    3968    3927    3878    3921
CQUAD4      4118       1    3867    3932    3981    3917
CQUAD4      4119       1    3890    3920    3964    3934
CQUAD4      4120       1    3978    3926    3875    3931
CQUAD4      4121       1    3977    3931    3880    3927
CQUAD4      4122       1    3908    3900    3945    3954
CQUAD4      4123       1    3906    3910    3956    3950
CQUAD4      4124       1    3936    3897    3924    3971
CQUAD4      4125       1    3912    3908    3954    3957
CQUAD4      4126       1    3922    3899    3944    3962
CQUAD4      4127       1    3896    3937    3970    3929
CQUAD4      4128       1    3910    3912    3957    3956
CQUAD4      4129       1    3972    3940    3894    3925
CQUAD4      4130       1    3879    3938    3983    3935
CQUAD4      4131       1    3992    3928    3877    3943
CQUAD4      4132       1    3905    3923    3967    3948
CQUAD4      4133       1    3904    3936    3969    3941
CQUAD4      4134       1    3951    3903    3930    3973
CQUAD4      4135       1    3901    3942    3976    3937
CQUAD4      4136       1    3885    3946    3996    3932
CQUAD4      4137       1    3891    3949    3990    3938
CQUAD4      4138       1    3944    3915    3947    3975
CQUAD4      4139       1    3913    3941    3980    3952
CQUAD4      4140       1    3979    3933    3914    3961
CQUAD4      4141       1    3987    3955    3907    3940
CQUAD4      4142       1    3909    3953    3984    3942
CTRIA3      4143       1    3961    3922    3962
CQUAD4      4144       1    4007    3943    3898    3959
CQUAD4      4145       1    3982    3947    3918    3958
CQUAD4      4146       1    3893    3960    4009    3946
CQUAD4      4147       1    3923    3939    3985    3967
CQUAD4      4148       1    3934    3986    3973    3930
CQUAD4      4149       1    3902    3965    4010    3949
CQUAD4      4150       1    3920    3952    3989    3964
CQUAD4      4151       1    4001    3963    3916    3955
CQUAD4      4152       1    3948    3991    3971    3924
CTRIA3      4153       1    3988    3953    3935
CQUAD4      4154       1    3997    3972    3925    3951
CQUAD4      4155       1    3945    3933    3979    3993
CQUAD4      4156       1    4015    3959    3911    3966
CQUAD4      4157       1    3929    3970    3999    3958
CQUAD4      4158       1      58      59    4022    3960
CQUAD4      4159       1    4011    3968    3921    3963
CQUAD4      4160       1    3939    3950    3995    3985
CQUAD4      4161       1    3936    3971    3998    3969
CQUAD4      4162       1    4021    3966    3919    3974
CTRIA3      4163       1    3994    3944    3975
CQUAD4      4164       1    4017    3977    3927    3968
CQUAD4      4165       1    3941    3969    4003    3980
CQUAD4      4166       1    3954    3945    3993    4000
CQUAD4      4167       1    3986    3934    3964    4008
CQUAD4      4168       1    4025    3974    3926    3978
CQUAD4      4169       1    4024    3978    3931    3977
CQUAD4      4170       1    3917    3981    4030    3965
CQUAD4      4171       1    3950    3956    4002    3995
CQUAD4      4172       1    3937    3976    4020    3970
CQUAD4      4173       1    3962    3944    3994    4005
CQUAD4      4174       1    3975    3947    3982    4006
CQUAD4      4175       1    3957    3954    4000    4004
CQUAD4      4176       1    3956    3957    4004    4002
CQUAD4      4177       1    3942    3984    4014    3976
CQUAD4      4178       1    3948    3967    4013    3991
CQUAD4      4179       1    4018    3987    3940    3972
CQUAD4      4180       1     134     135    3928    3992
CQUAD4      4181       1    3952    3980    4016    3989
CQUAD4      4182       1    4012    3961    3962    4005
CQUAD4      4183       1    3935    3983    4029    3988
CQUAD4      4184       1    4027    3997    3951    3973
CQUAD4      4185       1    3938    3990    4032    3983
CQUAD4      4186       1    3988    4028    3984    3953
CQUAD4      4187       1    3932    3996    4040    3981
CQUAD4      4188       1    3958    3999    4026    3982
CQUAD4      4189       1    3979    3961    4012    4019
CQUAD4      4190       1    4034    4001    3955    3987
CTRIA3      4191       1    3998    3971    4023
CQUAD4      4192       1    3967    3985    4031    4013
CQUAD4      4193       1    3949    4010    4042    3990
CQUAD4      4194       1    4053    3992    3943    4007
CQUAD4      4195       1    4033    4008    3964    3989
CQUAD4      4196       1    3994    3975    4006    4037
CTRIA3      4197       1    3976    4014    4020
CQUAD4      4198       1    3946    4009    4057    3996
CQUAD4      4199       1    4003    3969    3998    4038
CQUAD4      4200       1    3971    3991    4036    4023
CQUAD4      4201       1    4046    4011    3963    4001
CQUAD4      4202       1    3986    4041    4027    3973
CQUAD4      4203       1    4016    3980    4003    4035
CQUAD4      4204       1    3993    3979    4019    4045
CQUAD4      4205       1    3999    3970    4020    4044
CQUAD4      4206       1    4047    4018    3972    3997
CQUAD4      4207       1    4061    4007    3959    4015
CQUAD4      4208       1    3982    4026    4039    4006
CTRIA3      4209       1    3986    4008    4041
CQUAD4      4210       1    4056    4017    3968    4011
CQUAD4      4211       1    3985    3995    4043    4031
CQUAD4      4212       1    3960    4022    4068    4009
CQUAD4      4213       1    4066    4015    3966    4021
CQUAD4      4214       1    4062    4024    3977    4017
CQUAD4      4215       1    3994    4037    4049    4005
CQUAD4      4216       1    3965    4030    4075    4010
CQUAD4      4217       1    4069    4021    3974    4025
CQUAD4      4218       1    4000    3993    4045    4050
CQUAD4      4219       1    3984    4028    4060    4014
CQUAD4      4220       1    4067    4025    3978    4024
CQUAD4      4221       1    3995    4002    4048    4043
CQUAD4      4222       1    3991    4013    4052    4036
CQUAD4      4223       1    4055    4033    3989    4016
CQUAD4      4224       1    4004    4000    4050    4051
CQUAD4      4225       1    4002    4004    4051    4048
CQUAD4      4226       1      59      60    4078    4022
CTRIA3      4227       1    4035    4003    4038
CQUAD4      4228       1    4064    4034    3987    4018
CTRIA3      4229       1    4006    4039    4037
CQUAD4      4230       1    3988    4029    4065    4028
CQUAD4      4231       1    4049    4054    4012    4005
CQUAD4      4232       1    3998    4023    4059    4038
CQUAD4      4233       1    3983    4032    4072    4029
CQUAD4      4234       1    4044    4063    4026    3999
CQUAD4      4235       1    4071    4047    3997    4027
CQUAD4      4236       1    4058    4019    4012    4054
CQUAD4      4237       1    3981    4040    4084    4030
CQUAD4      4238       1    3990    4042    4079    4032
CQUAD4      4239       1    4074    4041    4008    4033
CQUAD4      4240       1    4080    4046    4001    4034
CTRIA3      4241       1    4058    4045    4019
CQUAD4      4242       1    4060    4073    4020    4014
CQUAD4      4243       1    4055    4016    4035    4070
CQUAD4      4244       1    4013    4031    4082    4052
CQUAD4      4245       1     133     134    3992    4053
CQUAD4      4246       1    4023    4036    4076    4059
CQUAD4      4247       1    3996    4057    4101    4040
CQUAD4      4248       1    4063    4077    4039    4026
CQUAD4      4249       1    4088    4056    4011    4046
CQUAD4      4250       1    4010    4075    4091    4042
CQUAD4      4251       1    4092    4064    4018    4047
CQUAD4      4252       1    4035    4038    4081    4070
CQUAD4      4253       1    4104    4053    4007    4061
CQUAD4      4254       1    4073    4087    4044    4020
CQUAD4      4255       1    4095    4071    4027    4041
CQUAD4      4256       1    4102    4062    4017    4056
CQUAD4      4257       1    4077    4083    4037    4039
CQUAD4      4258       1    4009    4068    4112    4057
CQUAD4      4259       1    4028    4065    4093    4060
CQUAD4      4260       1    4036    4052    4085    4076
CQUAD4      4261       1    4111    4061    4015    4066
CQUAD4      4262       1    4031    4043    4098    4082
CQUAD4      4263       1    4106    4067    4024    4062
CQUAD4      4264       1    4083    4089    4049    4037
CQUAD4      4265       1    4099    4074    4033    4055
CQUAD4      4266       1    4114    4066    4021    4069
CQUAD4      4267       1    4113    4069    4025    4067
CQUAD4      4268       1    4048    4051    4086    4090
CQUAD4      4269       1    4029    4072    4109    4065
CQUAD4      4270       1    4043    4048    4090    4098
CQUAD4      4271       1    4051    4050    4094    4086
CQUAD4      4272       1    4059    4103    4081    4038
CQUAD4      4273       1    4050    4045    4096    4094
CQUAD4      4274       1    4107    4080    4034    4064
CQUAD4      4275       1    4022    4078    4121    4068
CQUAD4      4276       1    4097    4054    4049    4089
CQUAD4      4277       1    4032    4079    4108    4072
CTRIA3      4278       1    4082    4085    4052
CQUAD4      4279       1    4045    4058    4100    4096
CQUAD4      4280       1    4087    4105    4063    4044
CQUAD4      4281       1    4097    4100    4058    4054
CQUAD4      4282       1      60      61    4127    4078
CQUAD4      4283       1    4030    4084    4126    4075
CQUAD4      4284       1    4117    4092    4047    4071
CQUAD4      4285       1    4119    4095    4041    4074
CQUAD4      4286       1    4042    4091    4120    4079
CQUAD4      4287       1    4115    4099    4055    4070
CQUAD4      4288       1    4123    4088    4046    4080
CTRIA3      4289       1    4060    4093    4110
CQUAD4      4290       1    4116    4103    4059    4076
CTRIA3      4291       1    4070    4081    4115
CQUAD4      4292       1    4105    4118    4077    4063
CQUAD4      4293       1    4110    4122    4073    4060
CQUAD4      4294       1    4040    4101    4139    4084
CQUAD4      4295       1    4133    4102    4056    4088
CTRIA3      4296       1    4091    4075    4128
CQUAD4      4297       1    4065    4109    4130    4093
CQUAD4      4298       1    4135    4107    4064    4092
CQUAD4      4299       1    4118    4124    4083    4077
CQUAD4      4300       1     132     133    4053    4104
CQUAD4      4301       1    4116    4076    4085    4125
CQUAD4      4302       1    4147    4106    4062    4102
CQUAD4      4303       1    4057    4112    4152    4101
CTRIA3      4304       1    4090    4086    4132
CQUAD4      4305       1    4122    4134    4087    4073
CQUAD4      4306       1    4141    4117    4071    4095
CQUAD4      4307       1    4072    4108    4136    4109
CQUAD4      4308       1    4082    4129    4125    4085
CQUAD4      4309       1    4154    4104    4061    4111
CQUAD4      4310       1    4124    4131    4089    4083
CQUAD4      4311       1    4146    4119    4074    4099
CQUAD4      4312       1    4150    4113    4067    4106
CQUAD4      4313       1    4143    4115    4081    4103
CQUAD4      4314       1    4156    4111    4066    4114
CQUAD4      4315       1    4155    4114    4069    4113
CQUAD4      4316       1    4140    4129    4082    4098
CQUAD4      4317       1    4138    4132    4086    4094
CQUAD4      4318       1    4131    4137    4097    4089
CQUAD4      4319       1    4108    4079    4120    4149
CQUAD4      4320       1    4098    4090    4132    4144
CQUAD4      4321       1    4153    4123    4080    4107
CQUAD4      4322       1    4068    4121    4163    4112
CQUAD4      4323       1    4094    4096    4142    4138
CQUAD4      4324       1    4137    4145    4100    4097
CQUAD4      4325       1    4096    4100    4145    4142
CQUAD4      4326       1    4134    4148    4105    4087
CQUAD4      4327       1    4130    4151    4110    4093
CQUAD4      4328       1    4078    4127    4170    4121
CTRIA3      4329       1    4098    4144    4140
CQUAD4      4330       1    4128    4162    4120    4091
CQUAD4      4331       1    4160    4135    4092    4117
CQUAD4      4332       1    4075    4126    4169    4128
CQUAD4      4333       1    4166    4133    4088    4123
CQUAD4      4334       1    4157    4143    4103    4116
CQUAD4      4335       1    4161    4146    4099    4115
CQUAD4      4336       1    4164    4141    4095    4119
CQUAD4      4337       1    4148    4159    4118    4105
CQUAD4      4338       1      61      62    4180    4127
CQUAD4      4339       1    4084    4139    4176    4126
CTRIA3      4340       1    4136    4158    4109
CQUAD4      4341       1    4151    4165    4122    4110
CQUAD4      4342       1    4175    4147    4102    4133
CQUAD4      4343       1    4159    4167    4124    4118
CQUAD4      4344       1    4168    4157    4116    4125
CQUAD4      4345       1    4149    4173    4136    4108
CQUAD4      4346       1    4178    4153    4107    4135
CQUAD4      4347       1    4158    4174    4130    4109
CQUAD4      4348       1    4101    4152    4191    4139
CQUAD4      4349       1    4190    4150    4106    4147
CQUAD4      4350       1    4165    4177    4134    4122
CQUAD4      4351       1    4183    4161    4115    4143
CQUAD4      4352       1    4187    4160    4117    4141
CQUAD4      4353       1    4167    4171    4131    4124
CQUAD4      4354       1    4172    4168    4125    4129
CQUAD4      4355       1     131     132    4104    4154
CQUAD4      4356       1    4195    4155    4113    4150
CQUAD4      4357       1    4189    4164    4119    4146
CQUAD4      4358       1    4199    4154    4111    4156
CQUAD4      4359       1    4197    4156    4114    4155
CQUAD4      4360       1    4162    4192    4149    4120
CQUAD4      4361       1    4171    4179    4137    4131
CQUAD4      4362       1    4163    4201    4152    4112
CQUAD4      4363       1    4181    4172    4129    4140
CQUAD4      4364       1    4196    4166    4123    4153
CQUAD4      4365       1    4186    4182    4132    4138
CQUAD4      4366       1    4182    4184    4144    4132
CQUAD4      4367       1    4179    4185    4145    4137
CQUAD4      4368       1    4184    4181    4140    4144
CQUAD4      4369       1    4188    4186    4138    4142
CQUAD4      4370       1    4185    4188    4142    4145
CQUAD4      4371       1    4174    4194    4151    4130
CQUAD4      4372       1    4177    4193    4148    4134
CQUAD4      4373       1    4169    4202    4162    4128
CQUAD4      4374       1    4170    4211    4163    4121
CQUAD4      4375       1    4173    4198    4158    4136
CQUAD4      4376       1    4204    4178    4135    4160
CQUAD4      4377       1    4208    4175    4133    4166
CQUAD4      4378       1    4205    4183    4143    4157
CQUAD4      4379       1    4176    4212    4169    4126
CQUAD4      4380       1    4203    4189    4146    4161
CQUAD4      4381       1    4206    4187    4141    4164
CQUAD4      4382       1    4193    4200    4159    4148
CQUAD4      4383       1    4180    4223    4170    4127
CQUAD4      4384       1    4194    4207    4165    4151
CQUAD4      4385       1    4217    4190    4147    4175
CQUAD4      4386       1    4192    4213    4173    4149
CQUAD4      4387       1    4191    4224    4176    4139
CQUAD4      4388       1      86      87    4180      62
CQUAD4      4389       1    4200    4209    4167    4159
CQUAD4      4390       1    4210    4205    4157    4168
CQUAD4      4391       1    4219    4196    4153    4178
CQUAD4      4392       1    4198    4214    4174    4158
CQUAD4      4393       1    4232    4195    4150    4190
CQUAD4      4394       1    4220    4203    4161    4183
CQUAD4      4395       1    4209    4215    4171    4167
CQUAD4      4396       1    4207    4218    4177    4165
CQUAD4      4397       1    4216    4210    4168    4172
CQUAD4      4398       1    4229    4204    4160    4187
CQUAD4      4399       1    4227    4206    4164    4189
CQUAD4      4400       1    4236    4197    4155    4195
CQUAD4      4401       1    4201    4239    4191    4152
CQUAD4      4402       1    4202    4233    4192    4162
CQUAD4      4403       1     130     131    4154    4199
CQUAD4      4404       1    4241    4199    4156    4197
CQUAD4      4405       1    4215    4221    4179    4171
CQUAD4      4406       1    4222    4216    4172    4181
CQUAD4      4407       1    4237    4208    4166    4196
CQUAD4      4408       1    4221    4226    4185    4179
CQUAD4      4409       1    4225    4222    4181    4184
CQUAD4      4410       1    4228    4225    4184    4182
CQUAD4      4411       1    4214    4235    4194    4174
CQUAD4      4412       1    4231    4228    4182    4186
CQUAD4      4413       1    4226    4230    4188    4185
CQUAD4      4414       1    4230    4231    4186    4188
CQUAD4      4415       1    4218    4234    4193    4177
CQUAD4      4416       1    4213    4238    4198    4173
CQUAD4      4417       1    4211    4250    4201    4163
CQUAD4      4418       1    4212    4244    4202    4169
CQUAD4      4419       1    4240    4220    4183    4205
CQUAD4      4420       1    4245    4219    4178    4204
CQUAD4      4421       1    4249    4217    4175    4208
CQUAD4      4422       1    4243    4227    4189    4203
CQUAD4      4423       1    4246    4229    4187    4206
CQUAD4      4424       1    4234    4242    4200    4193
CQUAD4      4425       1    4223    4260    4211    4170
CQUAD4      4426       1    4224    4255    4212    4176
CQUAD4      4427       1    4235    4247    4207    4194
CQUAD4      4428       1    4233    4253    4213    4192
CQUAD4      4429       1    4259    4232    4190    4217
CQUAD4      4430       1    4242    4251    4209    4200
CQUAD4      4431       1      87      88    4223    4180
CQUAD4      4432       1    4238    4254    4214    4198
CQUAD4      4433       1    4262    4237    4196    4219
CQUAD4      4434       1    4252    4248    4205    4210
CTRIA3      4435       1    4205    4248    4240
CQUAD4      4436       1    4239    4273    4224    4191
CQUAD4      4437       1    4272    4236    4195    4232
CQUAD4      4438       1    4258    4243    4203    4220
CQUAD4      4439       1    4251    4256    4215    4209
CQUAD4      4440       1    4247    4261    4218    4207
CQUAD4      4441       1    4257    4252    4210    4216
CQUAD4      4442       1    4268    4245    4204    4229
CQUAD4      4443       1    4267    4246    4206    4227
CQUAD4      4444       1    4278    4241    4197    4236
CQUAD4      4445       1    4244    4274    4233    4202
CQUAD4      4446       1     129     130    4199    4241
CQUAD4      4447       1    4256    4263    4221    4215
CQUAD4      4448       1    4264    4257    4216    4222
CQUAD4      4449       1    4280    4249    4208    4237
CQUAD4      4450       1    4250    4283    4239    4201
CQUAD4      4451       1    4263    4266    4226    4221
CQUAD4      4452       1    4265    4264    4222    4225
CQUAD4      4453       1    4254    4276    4235    4214
CQUAD4      4454       1    4269    4265    4225    4228
CQUAD4      4455       1    4266    4270    4230    4226
CQUAD4      4456       1    4253    4279    4238    4213
CQUAD4      4457       1    4261    4275    4234    4218
CQUAD4      4458       1    4271    4269    4228    4231
CQUAD4      4459       1    4270    4271    4231    4230
CQUAD4      4460       1    4277    4258    4220    4240
CQUAD4      4461       1    4255    4286    4244    4212
CQUAD4      4462       1    4285    4262    4219    4245
CQUAD4      4463       1    4282    4267    4227    4243
CQUAD4      4464       1    4289    4259    4217    4249
CQUAD4      4465       1    4260    4294    4250    4211
CQUAD4      4466       1    4287    4268    4229    4246
CQUAD4      4467       1    4275    4281    4242    4234
CQUAD4      4468       1    4276    4288    4247    4235
CQUAD4      4469       1    4284    4277    4240    4248
CQUAD4      4470       1    4274    4292    4253    4233
CQUAD4      4471       1    4273    4298    4255    4224
CQUAD4      4472       1    4300    4272    4232    4259
CQUAD4      4473       1      88      89    4260    4223
CQUAD4      4474       1    4281    4290    4251    4242
CQUAD4      4475       1    4279    4293    4254    4238
CQUAD4      4476       1    4291    4284    4248    4252
CQUAD4      4477       1    4301    4280    4237    4262
CQUAD4      4478       1    4297    4282    4243    4258
CQUAD4      4479       1    4311    4278    4236    4272
CQUAD4      4480       1    4290    4295    4256    4251
CQUAD4      4481       1    4288    4299    4261    4247
CQUAD4      4482       1    4296    4291    4252    4257
CQUAD4      4483       1    4307    4285    4245    4268
CQUAD4      4484       1    4304    4287    4246    4267
CQUAD4      4485       1    4283    4316    4273    4239
CQUAD4      4486       1     128     129    4241    4278
CQUAD4      4487       1    4286    4313    4274    4244
CQUAD4      4488       1    4295    4302    4263    4256
CQUAD4      4489       1    4303    4296    4257    4264
CQUAD4      4490       1    4318    4289    4249    4280
CQUAD4      4491       1    4302    4306    4266    4263
CQUAD4      4492       1    4305    4303    4264    4265
CQUAD4      4493       1    4293    4315    4276    4254
CQUAD4      4494       1    4312    4297    4258    4277
CQUAD4      4495       1    4292    4317    4279    4253
CQUAD4      4496       1    4308    4305    4265    4269
CQUAD4      4497       1    4306    4309    4270    4266
CQUAD4      4498       1    4299    4314    4275    4261
CQUAD4      4499       1    4310    4308    4269    4271
CQUAD4      4500       1    4309    4310    4271    4270
CQUAD4      4501       1    4294    4326    4283    4250
CQUAD4      4502       1    4298    4325    4286    4255
CQUAD4      4503       1    4322    4301    4262    4285
CQUAD4      4504       1    4320    4304    4267    4282
CQUAD4      4505       1    4328    4300    4259    4289
CQUAD4      4506       1    4323    4307    4268    4287
CQUAD4      4507       1    4314    4321    4281    4275
CQUAD4      4508       1    4319    4312    4277    4284
CQUAD4      4509       1    4315    4324    4288    4276
CQUAD4      4510       1      89      90    4294    4260
CQUAD4      4511       1    4313    4331    4292    4274
CQUAD4      4512       1    4336    4311    4272    4300
CQUAD4      4513       1    4317    4330    4293    4279
CQUAD4      4514       1    4321    4329    4290    4281
CQUAD4      4515       1    4327    4319    4284    4291
CQUAD4      4516       1    4316    4340    4298    4273
CQUAD4      4517       1    4339    4318    4280    4301
CQUAD4      4518       1    4333    4320    4282    4297
CQUAD4      4519       1     127     128    4278    4311
CQUAD4      4520       1    4329    4334    4295    4290
CQUAD4      4521       1    4332    4327    4291    4296
CQUAD4      4522       1    4324    4335    4299    4288
CQUAD4      4523       1    4341    4323    4287    4304
CQUAD4      4524       1    4344    4322    4285    4307
CQUAD4      4525       1    4337    4332    4296    4303
CQUAD4      4526       1    4334    4338    4302    4295
CQUAD4      4527       1    4325    4351    4313    4286
CQUAD4      4528       1    4326    4354    4316    4283
CQUAD4      4529       1    4342    4337    4303    4305
CQUAD4      4530       1    4353    4328    4289    4318
CQUAD4      4531       1    4338    4343    4306    4302
CQUAD4      4532       1    4348    4333    4297    4312
CQUAD4      4533       1    4330    4350    4315    4293
CQUAD4      4534       1    4331    4352    4317    4292
CQUAD4      4535       1    4345    4342    4305    4308
CQUAD4      4536       1    4335    4349    4314    4299
CQUAD4      4537       1    4343    4346    4309    4306
CQUAD4      4538       1    4347    4345    4308    4310
CQUAD4      4539       1    4346    4347    4310    4309
CQUAD4      4540       1    4356    4341    4304    4320
CQUAD4      4541       1    4358    4339    4301    4322
CQUAD4      4542       1      90      91    4326    4294
CQUAD4      4543       1    4363    4336    4300    4328
CQUAD4      4544       1    4355    4348    4312    4319
CQUAD4      4545       1    4340    4364    4325    4298
CQUAD4      4546       1    4359    4344    4307    4323
CQUAD4      4547       1    4349    4357    4321    4314
CQUAD4      4548       1    4350    4360    4324    4315
CQUAD4      4549       1    4351    4368    4331    4313
CQUAD4      4550       1    4361    4355    4319    4327
CQUAD4      4551       1     126     127    4311    4336
CQUAD4      4552       1    4357    4362    4329    4321
CQUAD4      4553       1    4352    4367    4330    4317
CQUAD4      4554       1    4365    4356    4320    4333
CQUAD4      4555       1    4373    4353    4318    4339
CQUAD4      4556       1    4354    4380    4340    4316
CQUAD4      4557       1    4366    4361    4327    4332
CQUAD4      4558       1    4362    4369    4334    4329
CQUAD4      4559       1    4360    4370    4335    4324
CQUAD4      4560       1    4374    4359    4323    4341
CQUAD4      4561       1    4377    4358    4322    4344
CQUAD4      4562       1    4371    4366    4332    4337
CQUAD4      4563       1    4369    4372    4338    4334
CQUAD4      4564       1    4364    4385    4351    4325
CQUAD4      4565       1    4382    4365    4333    4348
CQUAD4      4566       1    4375    4371    4337    4342
CQUAD4      4567       1    4372    4376    4343    4338
CQUAD4      4568       1    4386    4363    4328    4353
CQUAD4      4569       1    4367    4384    4350    4330
CQUAD4      4570       1    4378    4375    4342    4345
CQUAD4      4571       1      91      92    4354    4326
CQUAD4      4572       1    4370    4383    4349    4335
CQUAD4      4573       1    4376    4379    4346    4343
CQUAD4      4574       1    4368    4387    4352    4331
CQUAD4      4575       1    4381    4378    4345    4347
CQUAD4      4576       1    4379    4381    4347    4346
CQUAD4      4577       1    4389    4374    4341    4356
CQUAD4      4578       1    4391    4373    4339    4358
CQUAD4      4579       1    4388    4382    4348    4355
CQUAD4      4580       1     125     126    4336    4363
CQUAD4      4581       1    4392    4377    4344    4359
CQUAD4      4582       1    4383    4390    4357    4349
CQUAD4      4583       1    4380    4396    4364    4340
CQUAD4      4584       1    4384    4393    4360    4350
CQUAD4      4585       1    4394    4388    4355    4361
CQUAD4      4586       1    4390    4395    4362    4357
CQUAD4      4587       1    4385    4401    4368    4351
CQUAD4      4588       1    4387    4399    4367    4352
CQUAD4      4589       1    4397    4389    4356    4365
CQUAD4      4590       1    4405    4386    4353    4373
CQUAD4      4591       1    4398    4394    4361    4366
CQUAD4      4592       1    4395    4400    4369    4362
CQUAD4      4593       1    4393    4403    4370    4360
CQUAD4      4594       1      92      93    4380    4354
CQUAD4      4595       1    4406    4392    4359    4374
CQUAD4      4596       1    4410    4391    4358    4377
CQUAD4      4597       1    4402    4398    4366    4371
CQUAD4      4598       1    4400    4404    4372    4369
CQUAD4      4599       1    4412    4397    4365    4382
CQUAD4      4600       1    4407    4402    4371    4375
CQUAD4      4601       1    4404    4408    4376    4372
CQUAD4      4602       1     124     125    4363    4386
CQUAD4      4603       1    4399    4415    4384    4367
CQUAD4      4604       1    4396    4416    4385    4364
CQUAD4      4605       1    4409    4407    4375    4378
CQUAD4      4606       1    4408    4411    4379    4376
CQUAD4      4607       1    4403    4414    4383    4370
CQUAD4      4608       1    4413    4409    4378    4381
CQUAD4      4609       1    4411    4413    4381    4379
CQUAD4      4610       1    4401    4418    4387    4368
CQUAD4      4611       1    4419    4406    4374    4389
CQUAD4      4612       1    4417    4412    4382    4388
CQUAD4      4613       1    4421    4405    4373    4391
CQUAD4      4614       1    4422    4410    4377    4392
CQUAD4      4615       1    4414    4420    4390    4383
CQUAD4      4616       1    4415    4424    4393    4384
CQUAD4      4617       1      93      94    4396    4380
CQUAD4      4618       1    4423    4417    4388    4394
CQUAD4      4619       1    4420    4425    4395    4390
CQUAD4      4620       1    4427    4419    4389    4397
CQUAD4      4621       1    4418    4429    4399    4387
CQUAD4      4622       1    4416    4431    4401    4385
CQUAD4      4623       1     123     124    4386    4405
CQUAD4      4624       1    4426    4423    4394    4398
CQUAD4      4625       1    4425    4428    4400    4395
CQUAD4      4626       1    4424    4432    4403    4393
CQUAD4      4627       1    4434    4422    4392    4406
CQUAD4      4628       1    4439    4421    4391    4410
CQUAD4      4629       1    4430    4426    4398    4402
CQUAD4      4630       1    4428    4433    4404    4400
CQUAD4      4631       1    4438    4427    4397    4412
CQUAD4      4632       1    4435    4430    4402    4407
CQUAD4      4633       1    4433    4436    4408    4404
CQUAD4      4634       1    4429    4443    4415    4399
CQUAD4      4635       1    4437    4435    4407    4409
CQUAD4      4636       1    4436    4440    4411    4408
CQUAD4      4637       1    4432    4442    4414    4403
CQUAD4      4638       1      94      95    4416    4396
CQUAD4      4639       1    4441    4437    4409    4413
CQUAD4      4640       1    4440    4441    4413    4411
CQUAD4      4641       1    4431    4446    4418    4401
CQUAD4      4642       1    4445    4434    4406    4419
CQUAD4      4643       1    4444    4438    4412    4417
CQUAD4      4644       1     122     123    4405    4421
CQUAD4      4645       1    4448    4439    4410    4422
CQUAD4      4646       1    4442    4447    4420    4414
CQUAD4      4647       1    4443    4450    4424    4415
CQUAD4      4648       1    4449    4444    4417    4423
CQUAD4      4649       1    4447    4451    4425    4420
CQUAD4      4650       1    4453    4445    4419    4427
CQUAD4      4651       1    4446    4455    4429    4418
CQUAD4      4652       1      95      96    4431    4416
CQUAD4      4653       1    4452    4449    4423    4426
CQUAD4      4654       1    4451    4454    4428    4425
CQUAD4      4655       1    4450    4457    4432    4424
CQUAD4      4656       1    4460    4448    4422    4434
CQUAD4      4657       1     121     122    4421    4439
CQUAD4      4658       1    4456    4452    4426    4430
CQUAD4      4659       1    4454    4458    4433    4428
CQUAD4      4660       1    4462    4453    4427    4438
CQUAD4      4661       1    4459    4456    4430    4435
CQUAD4      4662       1    4458    4461    4436    4433
CQUAD4      4663       1    4463    4459    4435    4437
CQUAD4      4664       1    4455    4467    4443    4429
CQUAD4      4665       1    4461    4464    4440    4436
CQUAD4      4666       1    4465    4463    4437    4441
CQUAD4      4667       1    4457    4466    4442    4432
CQUAD4      4668       1    4464    4465    4441    4440
CQUAD4      4669       1      96      97    4446    4431
CQUAD4      4670       1    4469    4460    4434    4445
CQUAD4      4671       1    4468    4462    4438    4444
CQUAD4      4672       1     120     121    4439    4448
CQUAD4      4673       1    4466    4470    4447    4442
CQUAD4      4674       1    4467    4472    4450    4443
CQUAD4      4675       1    4471    4468    4444    4449
CQUAD4      4676       1    4470    4473    4451    4447
CQUAD4      4677       1    4475    4469    4445    4453
CQUAD4      4678       1      97      98    4455    4446
CQUAD4      4679       1    4474    4471    4449    4452
CQUAD4      4680       1    4473    4476    4454    4451
CQUAD4      4681       1     119     120    4448    4460
CQUAD4      4682       1    4472    4479    4457    4450
CQUAD4      4683       1    4477    4474    4452    4456
CQUAD4      4684       1    4476    4478    4458    4454
CQUAD4      4685       1    4482    4475    4453    4462
CQUAD4      4686       1    4480    4477    4456    4459
CQUAD4      4687       1    4478    4481    4461    4458
CQUAD4      4688       1    4483    4480    4459    4463
CQUAD4      4689       1    4481    4484    4464    4461
CQUAD4      4690       1    4485    4483    4463    4465
CQUAD4      4691       1      98      99    4467    4455
CQUAD4      4692       1    4484    4485    4465    4464
CQUAD4      4693       1    4479    4486    4466    4457
CQUAD4      4694       1    4487    4482    4462    4468
CQUAD4      4695       1     118     119    4460    4469
CQUAD4      4696       1    4486    4488    4470    4466
CQUAD4      4697       1    4489    4487    4468    4471
CQUAD4      4698       1      99     100    4472    4467
CQUAD4      4699       1     117     118    4469    4475
CQUAD4      4700       1    4488    4490    4473    4470
CQUAD4      4701       1    4491    4489    4471    4474
CQUAD4      4702       1    4490    4492    4476    4473
CQUAD4      4703       1     100     101    4479    4472
CQUAD4      4704       1    4493    4491    4474    4477
CQUAD4      4705       1     116     117    4475    4482
CQUAD4      4706       1    4492    4494    4478    4476
CQUAD4      4707       1    4495    4493    4477    4480
CQUAD4      4708       1    4494    4496    4481    4478
CQUAD4      4709       1    4497    4495    4480    4483
CQUAD4      4710       1    4496    4498    4484    4481
CQUAD4      4711       1    4499    4497    4483    4485
CQUAD4      4712       1    4498    4499    4485    4484
CQUAD4      4713       1     101     102    4486    4479
CQUAD4      4714       1     115     116    4482    4487
CQUAD4      4715       1     102     103    4488    4486
CQUAD4      4716       1     114     115    4487    4489
CQUAD4      4717       1     103     104    4490    4488
CQUAD4      4718       1     113     114    4489    4491
CQUAD4      4719       1     104     105    4492    4490
CQUAD4      4720       1     112     113    4491    4493
CQUAD4      4721       1     105     106    4494    4492
CQUAD4      4722       1     111     112    4493    4495
CQUAD4      4723       1     106     107    4496    4494
CQUAD4      4724       1     110     111    4495    4497
CQUAD4      4725       1     107     108    4498    4496
CQUAD4      4726       1     109     110    4497    4499
CQUAD4      4727       1     108     109    4499    4498
CBAR        7166       3      86      87      0.      0.     0.1        +000136D
+000136D
CBAR        7167       3      87      88      0.      0.     0.1        +000136F
+000136F
CBAR        7168       3      88      89      0.      0.     0.1        +0001371
+0001371
CBAR        7169       3      89      90      0.      0.     0.1        +0001373
+0001373
CBAR        7170       3      90      91      0.      0.     0.1        +0001375
+0001375
CBAR        7171       3      91      92      0.      0.     0.1        +0001377
+0001377
CBAR        7172       3      92      93      0.      0.     0.1        +0001379
+0001379
CBAR        7173       3      93      94      0.      0.     0.1        +000137B
+000137B
CBAR        7174       3      94      95      0.      0.     0.1        +000137D
+000137D
CBAR        7175       3      95      96      0.      0.     0.1        +000137F
+000137F
CBAR        7176       3      96      97      0.      0.     0.1        +0001381
+0001381
CBAR        7177       3      97      98      0.      0.     0.1        +0001383
+0001383
CBAR        7178       3      98      99      0.      0.     0.1        +0001385
+0001385
CBAR        7179       3      99     100      0.      0.     0.1        +0001387
+0001387
CBAR        7180       3     100     101      0.      0.     0.1        +0001389
+0001389
CBAR        7181       3     101     102      0.      0.     0.1        +000138B
+000138B
CBAR        7182       3     102     103      0.      0.     0.1        +000138D
+000138D
CBAR        7183       3     103     104      0.      0.     0.1        +000138F
+000138F
CBAR        7184       3     104     105      0.      0.     0.1        +0001391
+0001391
CBAR        7185       3     105     106      0.      0.     0.1        +0001393
+0001393
CBAR        7186       3     106     107      0.      0.     0.1        +0001395
+0001395
CBAR        7187       3     107     108      0.      0.     0.1        +0001397
+0001397
CBAR        7188       3     108     109      0.      0.     0.1        +0001399
+0001399
CBAR        7189       3     109     110      0.      0.     0.1        +000139B
+000139B
CBAR        7190       3     110     111      0.      0.     0.1        +000139D
+000139D
CBAR        7191       3     111     112      0.      0.     0.1        +000139F
+000139F
CBAR        7192       3     112     113      0.      0.     0.1        +00013A1
+00013A1
CBAR        7193       3     113     114      0.      0.     0.1        +00013A3
+00013A3
CBAR        7194       3     114     115      0.      0.     0.1        +00013A5
+00013A5
CBAR        7195       3     115     116      0.      0.     0.1        +00013A7
+00013A7
CBAR        7196       3     116     117      0.      0.     0.1        +00013A9
+00013A9
CBAR        7197       3     117     118      0.      0.     0.1        +00013AB
+00013AB
CBAR        7198       3     118     119      0.      0.     0.1        +00013AD
+00013AD
CBAR        7199       3     119     120      0.      0.     0.1        +00013AF
+00013AF
CBAR        7200       3     120     121      0.      0.     0.1        +00013B1
+00013B1
CBAR        7201       3     121     122      0.      0.     0.1        +00013B3
+00013B3
CBAR        7202       3     122     123      0.      0.     0.1        +00013B5
+00013B5
CBAR        7203       3     123     124      0.      0.     0.1        +00013B7
+00013B7
CBAR        7204       3     124     125      0.      0.     0.1        +00013B9
+00013B9
CBAR        7205       3     125     126      0.      0.     0.1        +00013BB
+00013BB
CBAR        7206       3     126     127      0.      0.     0.1        +00013BD
+00013BD
CBAR        7207       3     127     128      0.      0.     0.1        +00013BF
+00013BF
CBAR        7208       3     128     129      0.      0.     0.1        +00013C1
+00013C1
CBAR        7209       3     129     130      0.      0.     0.1        +00013C3
+00013C3
CBAR        7210       3     130     131      0.      0.     0.1        +00013C5
+00013C5
CBAR        7211       3     131     132      0.      0.     0.1        +00013C7
+00013C7
CBAR        7212       3     132     133      0.      0.     0.1        +00013C9
+00013C9
CBAR        7213       3     133     134      0.      0.     0.1        +00013CB
+00013CB
CBAR        7214       3     134     135      0.      0.     0.1        +00013CD
+00013CD
CBAR        7215       3     135     136      0.      0.     0.1        +00013CF
+00013CF
CBAR        7216       3     136     137      0.      0.     0.1        +00013D1
+00013D1
CBAR        7217       3     137     138      0.      0.     0.1        +00013D3
+00013D3
CBAR        7218       3     138     139      0.      0.     0.1        +00013D5
+00013D5
CBAR        7219       3     139     140      0.      0.     0.1        +00013D7
+00013D7
CBAR        7220       3     140     141      0.      0.     0.1        +00013D9
+00013D9
CBAR        7221       3     141     142      0.      0.     0.1        +00013DB
+00013DB
CBAR        7222       3     142     143      0.      0.     0.1        +00013DD
+00013DD
CBAR        7223       3     143     144      0.      0.     0.1        +00013DF
+00013DF
CBAR        7224       3     144     145      0.      0.     0.1        +00013E1
+00013E1
CBAR        7225       3     145     146      0.      0.     0.1        +00013E3
+00013E3
CBAR        7226       3     146     147      0.      0.     0.1        +00013E5
+00013E5
CBAR        7227       3     147     148      0.      0.     0.1        +00013E7
+00013E7
CBAR        7228       3     148     149      0.      0.     0.1        +00013E9
+00013E9
CBAR        7229       3     149     150      0.      0.     0.1        +00013EB
+00013EB
CBAR        7230       3     150     151      0.      0.     0.1        +00013ED
+00013ED
CBAR        7231       3     151     152      0.      0.     0.1        +00013EF
+00013EF
CBAR        7232       3     152     153      0.      0.     0.1        +00013F1
+00013F1
CBAR        7233       3     153     154      0.      0.     0.1        +00013F3
+00013F3
CBAR        7234       3     154     155      0.      0.     0.1        +00013F5
+00013F5
CBAR        7235       3     155     156      0.      0.     0.1        +00013F7
+00013F7
CBAR        7236       3     156     157      0.      0.     0.1        +00013F9
+00013F9
CBAR        7237       3     157     158      0.      0.     0.1        +00013FB
+00013FB
CBAR        7238       3     158     159      0.      0.     0.1        +00013FD
+00013FD
CBAR        7239       3     159     160      0.      0.     0.1        +00013FF
+00013FF
CBAR        7240       3     160     161      0.      0.     0.1        +0001401
+0001401
CBAR        7241       3     161     162      0.      0.     0.1        +0001403
+0001403
CBAR        7242       3     162     163      0.      0.     0.1        +0001405
+0001405
CBAR        7243       3     163     164      0.      0.     0.1        +0001407
+0001407
CBAR        7244       3     164     165      0.      0.     0.1        +0001409
+0001409
CBAR        7245       2       1     311      0.      0.     0.1        +000140B
+000140B
CBAR        7246       2     296     297      0.      0.     0.1        +000140D
+000140D
CBAR        7247       2     297     298      0.      0.     0.1        +000140F
+000140F
CBAR        7248       2     298     299      0.      0.     0.1        +0001411
+0001411
CBAR        7249       2     299     300      0.      0.     0.1        +0001413
+0001413
CBAR        7250       2     300     301      0.      0.     0.1        +0001415
+0001415
CBAR        7251       2     301     302      0.      0.     0.1        +0001417
+0001417
CBAR        7252       2     302     303      0.      0.     0.1        +0001419
+0001419
CBAR        7253       2     303     304      0.      0.     0.1        +000141B
+000141B
CBAR        7254       2     304     305      0.      0.     0.1        +000141D
+000141D
CBAR        7255       2     305     306      0.      0.     0.1        +000141F
+000141F
CBAR        7256       2     306     307      0.      0.     0.1        +0001421
+0001421
CBAR        7257       2     307     308      0.      0.     0.1        +0001423
+0001423
CBAR        7258       2     308     309      0.      0.     0.1        +0001425
+0001425
CBAR        7259       2     309     310      0.      0.     0.1        +0001427
+0001427
CBAR        7260       2     310     311      0.      0.     0.1        +0001429
+0001429
CBAR        7261       4     213     214      0.      0.     0.1        +000142B
+000142B
CBAR        7262       4     214     215      0.      0.     0.1        +000142D
+000142D
CBAR        7263       4     215     216      0.      0.     0.1        +000142F
+000142F
CBAR        7264       5     216     217      0.      0.     0.1        +0001431
+0001431
CBAR        7265       5     217     218      0.      0.     0.1        +0001433
+0001433
CBAR        7266       5     218     219      0.      0.     0.1        +0001435
+0001435
CBAR        7267       5     219     220      0.      0.     0.1        +0001437
+0001437
CBAR        7268       5     220     221      0.      0.     0.1        +0001439
+0001439
CBAR        7269       6     221     222      0.      0.     0.1        +000143B
+000143B
CBAR        7270       6     222     223      0.      0.     0.1        +000143D
+000143D
CBAR        7271       6     223     224      0.      0.     0.1        +000143F
+000143F
CBAR        7272       6     224     225      0.      0.     0.1        +0001441
+0001441
CBAR        7273       6     225     226      0.      0.     0.1        +0001443
+0001443
CBAR        7274       6     226     227      0.      0.     0.1        +0001445
+0001445
CBAR        7275       6     227     228      0.      0.     0.1        +0001447
+0001447
$ANSA_NAME_COMMENT;2;PBAR;Fan;;YES;NO;
$ANSA_NAME_COMMENT;6;PBAR;Admittance3;;YES;NO;
$ANSA_NAME_COMMENT;4;PBAR;Admittance1;;YES;NO;
$ANSA_NAME_COMMENT;5;PBAR;Admittance2;;YES;NO;
$ANSA_NAME_COMMENT;3;PBAR;Infinite_Elements;;YES;NO;
$ANSA_NAME_COMMENT;1;PSHELL;Acoustic_Fluid;;YES;NO;
$ANSA_PART;PART;ID;5;MID;1;NAME;1 Default PSHELL Property;STUDY_VERSION;0;PID_OF
$FSET;0;CONTAINS;PSHELL;1;
$ANSA_PART;GROUP;ID;6;NAME;Acoustic_mesh.bdf;PID_OFFSET;0;IS_COLOR_ACTIVE;1;CONT
$AINS;ANSAPART;5,7;
$ANSA_PART;PART;ID;7;NAME;BARs;STUDY_VERSION;0;PID_OFFSET;0;CONTAINS;PBAR;2-6;
ENDDATA
$$$$$$$$$$$$$$$$$$$$$$$$$$$$$$$$$$$$$$$$$$$$$$$$$$$$$$$$$$$$$$$$$$$$$$$$$$$$$$$$
$$$$$$$$$$$$$$$$$$$$$$$$$$$$$$$$$$$$$$$$$$$$$$$$$$$$$$$$$$$$$$$$$$$$$$$$$$$$$$$$
